study_accession	category	trait_name	detected_build	coordinate_system	meta_file_used	detection_notes	ancestry_from_meta	sample_size_from_meta	trait_description_from_meta	source_path	data_file_name	local_data_file	local_meta_file
GCST90267331	comparator	BMI	unknown	1-based		no_meta_build; coordinate_system_defaulted_to_1-based				ftp://ftp.ebi.ac.uk/pub/databases/gwas/summary_statistics/GCST90267001-GCST90268000/GCST90267331			
GCST90267332	comparator	BMI	unknown	1-based		no_meta_build; coordinate_system_defaulted_to_1-based				ftp://ftp.ebi.ac.uk/pub/databases/gwas/summary_statistics/GCST90267001-GCST90268000/GCST90267332			
GCST90268031	comparator	BMI	GRCh37	1-based	GCST90268031.tsv.gz-meta.yaml	meta:GCST90268031.tsv.gz-meta.yaml; coordinate_system_defaulted_to_1-based	European	258792	BMI	ftp://ftp.ebi.ac.uk/pub/databases/gwas/summary_statistics/GCST90268001-GCST90269000/GCST90268031	GCST90268031.tsv.gz	/home/vince395/gwas_human2mouse/downloads/GCST90268031/GCST90268031.tsv.gz	/home/vince395/gwas_human2mouse/downloads/GCST90268031/GCST90268031.tsv.gz-meta.yaml
GCST90268032	comparator	BMI	GRCh37	1-based	GCST90268032.tsv.gz-meta.yaml	meta:GCST90268032.tsv.gz-meta.yaml; coordinate_system_defaulted_to_1-based	European	258792	BMI	ftp://ftp.ebi.ac.uk/pub/databases/gwas/summary_statistics/GCST90268001-GCST90269000/GCST90268032	GCST90268032.tsv.gz	/home/vince395/gwas_human2mouse/downloads/GCST90268032/GCST90268032.tsv.gz	/home/vince395/gwas_human2mouse/downloads/GCST90268032/GCST90268032.tsv.gz-meta.yaml
GCST90444285	comparator	Body Mass Index	GRCh38	1-based	harmonised/GCST90444285.h.tsv.gz-meta.yaml	meta:harmonised/GCST90444285.h.tsv.gz-meta.yaml; coordinate_system:1-based	European	261089	Body Mass Index	ftp://ftp.ebi.ac.uk/pub/databases/gwas/summary_statistics/GCST90444001-GCST90445000/GCST90444285	harmonised/GCST90444285.h.tsv.gz	/home/vince395/gwas_human2mouse/downloads/GCST90444285/harmonised/GCST90444285.h.tsv.gz	/home/vince395/gwas_human2mouse/downloads/GCST90444285/harmonised/GCST90444285.h.tsv.gz-meta.yaml
GCST90444306	comparator	Body Mass Index	GRCh38	1-based	harmonised/GCST90444306.h.tsv.gz-meta.yaml	meta:harmonised/GCST90444306.h.tsv.gz-meta.yaml; coordinate_system:1-based	European	140180	Body Mass Index	ftp://ftp.ebi.ac.uk/pub/databases/gwas/summary_statistics/GCST90444001-GCST90445000/GCST90444306	harmonised/GCST90444306.h.tsv.gz	/home/vince395/gwas_human2mouse/downloads/GCST90444306/harmonised/GCST90444306.h.tsv.gz	/home/vince395/gwas_human2mouse/downloads/GCST90444306/harmonised/GCST90444306.h.tsv.gz-meta.yaml
GCST90444328	comparator	Body Mass Index	GRCh38	1-based	harmonised/GCST90444328.h.tsv.gz-meta.yaml	meta:harmonised/GCST90444328.h.tsv.gz-meta.yaml; coordinate_system:1-based	European	120909	Body Mass Index	ftp://ftp.ebi.ac.uk/pub/databases/gwas/summary_statistics/GCST90444001-GCST90445000/GCST90444328	harmonised/GCST90444328.h.tsv.gz	/home/vince395/gwas_human2mouse/downloads/GCST90444328/harmonised/GCST90444328.h.tsv.gz	/home/vince395/gwas_human2mouse/downloads/GCST90444328/harmonised/GCST90444328.h.tsv.gz-meta.yaml
GCST90826151	comparator	Body mass index (BMI)	GRCh38	0-based	GCST90826151.tsv.gz-meta.yaml	meta:GCST90826151.tsv.gz-meta.yaml; coordinate_system:0-based	European	404118	Body mass index (BMI)	ftp://ftp.ebi.ac.uk/pub/databases/gwas/summary_statistics/GCST90826001-GCST90827000/GCST90826151	GCST90826151.tsv.gz	/home/vince395/gwas_human2mouse/downloads/GCST90826151/GCST90826151.tsv.gz	/home/vince395/gwas_human2mouse/downloads/GCST90826151/GCST90826151.tsv.gz-meta.yaml
GCST90826182	comparator	Body mass index (BMI)	GRCh38	0-based	GCST90826182.tsv.gz-meta.yaml	meta:GCST90826182.tsv.gz-meta.yaml; coordinate_system:0-based	European	398931	Body mass index (BMI)	ftp://ftp.ebi.ac.uk/pub/databases/gwas/summary_statistics/GCST90826001-GCST90827000/GCST90826182	GCST90826182.tsv.gz	/home/vince395/gwas_human2mouse/downloads/GCST90826182/GCST90826182.tsv.gz	/home/vince395/gwas_human2mouse/downloads/GCST90826182/GCST90826182.tsv.gz-meta.yaml
GCST90727459	comparator	Body mass index - max	GRCh38	1-based	harmonised/GCST90727459.h.tsv.gz-meta.yaml	meta:harmonised/GCST90727459.h.tsv.gz-meta.yaml; coordinate_system:1-based	South Asian	41400	Body mass index - max	ftp://ftp.ebi.ac.uk/pub/databases/gwas/summary_statistics/GCST90727001-GCST90728000/GCST90727459	harmonised/GCST90727459.h.tsv.gz	/home/vince395/gwas_human2mouse/downloads/GCST90727459/harmonised/GCST90727459.h.tsv.gz	/home/vince395/gwas_human2mouse/downloads/GCST90727459/harmonised/GCST90727459.h.tsv.gz-meta.yaml
GCST90727460	comparator	Body mass index - median	GRCh38	1-based	harmonised/GCST90727460.h.tsv.gz-meta.yaml	meta:harmonised/GCST90727460.h.tsv.gz-meta.yaml; coordinate_system:1-based	South Asian	41400	Body mass index - median	ftp://ftp.ebi.ac.uk/pub/databases/gwas/summary_statistics/GCST90727001-GCST90728000/GCST90727460	harmonised/GCST90727460.h.tsv.gz	/home/vince395/gwas_human2mouse/downloads/GCST90727460/harmonised/GCST90727460.h.tsv.gz	/home/vince395/gwas_human2mouse/downloads/GCST90727460/harmonised/GCST90727460.h.tsv.gz-meta.yaml
GCST90727461	comparator	Body mass index - min	GRCh38	1-based	harmonised/GCST90727461.h.tsv.gz-meta.yaml	meta:harmonised/GCST90727461.h.tsv.gz-meta.yaml; coordinate_system:1-based	South Asian	41400	Body mass index - min	ftp://ftp.ebi.ac.uk/pub/databases/gwas/summary_statistics/GCST90727001-GCST90728000/GCST90727461	harmonised/GCST90727461.h.tsv.gz	/home/vince395/gwas_human2mouse/downloads/GCST90727461/harmonised/GCST90727461.h.tsv.gz	/home/vince395/gwas_human2mouse/downloads/GCST90727461/harmonised/GCST90727461.h.tsv.gz-meta.yaml
GCST90728446	comparator	Body mass index >= 30 without an associated BMI value (Quality and Outcomes Framework codes)	GRCh38	1-based	harmonised/GCST90728446.h.tsv.gz-meta.yaml	meta:harmonised/GCST90728446.h.tsv.gz-meta.yaml; coordinate_system:1-based	South Asian	46417	Body mass index >= 30 without an associated BMI value (Quality and Outcomes Framework codes)	ftp://ftp.ebi.ac.uk/pub/databases/gwas/summary_statistics/GCST90728001-GCST90729000/GCST90728446	harmonised/GCST90728446.h.tsv.gz	/home/vince395/gwas_human2mouse/downloads/GCST90728446/harmonised/GCST90728446.h.tsv.gz	/home/vince395/gwas_human2mouse/downloads/GCST90728446/harmonised/GCST90728446.h.tsv.gz-meta.yaml
GCST90104677	comparator	Childhood body mass index	GRCh38	1-based	harmonised/GCST90104677.h.tsv.gz-meta.yaml	meta:harmonised/GCST90104677.h.tsv.gz-meta.yaml; coordinate_system:1-based	European	5766	Childhood body mass index	ftp://ftp.ebi.ac.uk/pub/databases/gwas/summary_statistics/GCST90104001-GCST90105000/GCST90104677	harmonised/GCST90104677.h.tsv.gz	/home/vince395/gwas_human2mouse/downloads/GCST90104677/harmonised/GCST90104677.h.tsv.gz	/home/vince395/gwas_human2mouse/downloads/GCST90104677/harmonised/GCST90104677.h.tsv.gz-meta.yaml
GCST90104684	comparator	Childhood diastolic blood pressure	GRCh38	1-based	harmonised/GCST90104684.h.tsv.gz-meta.yaml	meta:harmonised/GCST90104684.h.tsv.gz-meta.yaml; coordinate_system:1-based	European	5760	Childhood diastolic blood pressure	ftp://ftp.ebi.ac.uk/pub/databases/gwas/summary_statistics/GCST90104001-GCST90105000/GCST90104684	harmonised/GCST90104684.h.tsv.gz	/home/vince395/gwas_human2mouse/downloads/GCST90104684/harmonised/GCST90104684.h.tsv.gz	/home/vince395/gwas_human2mouse/downloads/GCST90104684/harmonised/GCST90104684.h.tsv.gz-meta.yaml
GCST90104683	comparator	Childhood systolic blood pressure	GRCh38	1-based	harmonised/GCST90104683.h.tsv.gz-meta.yaml	meta:harmonised/GCST90104683.h.tsv.gz-meta.yaml; coordinate_system:1-based	European	5751	Childhood systolic blood pressure	ftp://ftp.ebi.ac.uk/pub/databases/gwas/summary_statistics/GCST90104001-GCST90105000/GCST90104683	harmonised/GCST90104683.h.tsv.gz	/home/vince395/gwas_human2mouse/downloads/GCST90104683/harmonised/GCST90104683.h.tsv.gz	/home/vince395/gwas_human2mouse/downloads/GCST90104683/harmonised/GCST90104683.h.tsv.gz-meta.yaml
GCST90728432	comparator	Coronary Artery Disease (PRIMED consortium definition)	GRCh38	1-based	harmonised/GCST90728432.h.tsv.gz-meta.yaml	meta:harmonised/GCST90728432.h.tsv.gz-meta.yaml; coordinate_system:1-based	South Asian	46417	Coronary Artery Disease (PRIMED consortium definition)	ftp://ftp.ebi.ac.uk/pub/databases/gwas/summary_statistics/GCST90728001-GCST90729000/GCST90728432	harmonised/GCST90728432.h.tsv.gz	/home/vince395/gwas_human2mouse/downloads/GCST90728432/harmonised/GCST90728432.h.tsv.gz	/home/vince395/gwas_human2mouse/downloads/GCST90728432/harmonised/GCST90728432.h.tsv.gz-meta.yaml
GCST90727951	comparator	Coronary Artery Disease - broad	GRCh38	1-based	harmonised/GCST90727951.h.tsv.gz-meta.yaml	meta:harmonised/GCST90727951.h.tsv.gz-meta.yaml; coordinate_system:1-based	South Asian	46417	Coronary Artery Disease - broad	ftp://ftp.ebi.ac.uk/pub/databases/gwas/summary_statistics/GCST90727001-GCST90728000/GCST90727951	harmonised/GCST90727951.h.tsv.gz	/home/vince395/gwas_human2mouse/downloads/GCST90727951/harmonised/GCST90727951.h.tsv.gz	/home/vince395/gwas_human2mouse/downloads/GCST90727951/harmonised/GCST90727951.h.tsv.gz-meta.yaml
GCST90727950	comparator	Coronary Artery Disease - narrow	GRCh38	1-based	harmonised/GCST90727950.h.tsv.gz-meta.yaml	meta:harmonised/GCST90727950.h.tsv.gz-meta.yaml; coordinate_system:1-based	South Asian	46417	Coronary Artery Disease - narrow	ftp://ftp.ebi.ac.uk/pub/databases/gwas/summary_statistics/GCST90727001-GCST90728000/GCST90727950	harmonised/GCST90727950.h.tsv.gz	/home/vince395/gwas_human2mouse/downloads/GCST90727950/harmonised/GCST90727950.h.tsv.gz	/home/vince395/gwas_human2mouse/downloads/GCST90727950/harmonised/GCST90727950.h.tsv.gz-meta.yaml
GCST90827313	comparator	Diagnoses - ICD10; E66 Obesity	GRCh38	0-based	GCST90827313.tsv.gz-meta.yaml	meta:GCST90827313.tsv.gz-meta.yaml; coordinate_system:0-based	European	362187	Diagnoses - ICD10; E66 Obesity	ftp://ftp.ebi.ac.uk/pub/databases/gwas/summary_statistics/GCST90827001-GCST90828000/GCST90827313	GCST90827313.tsv.gz	/home/vince395/gwas_human2mouse/downloads/GCST90827313/GCST90827313.tsv.gz	/home/vince395/gwas_human2mouse/downloads/GCST90827313/GCST90827313.tsv.gz-meta.yaml
GCST90827311	comparator	Diagnoses - ICD10; E66.8 Other obesity	GRCh38	0-based	GCST90827311.tsv.gz-meta.yaml	meta:GCST90827311.tsv.gz-meta.yaml; coordinate_system:0-based	European	362187	Diagnoses - ICD10; E66.8 Other obesity	ftp://ftp.ebi.ac.uk/pub/databases/gwas/summary_statistics/GCST90827001-GCST90828000/GCST90827311	GCST90827311.tsv.gz	/home/vince395/gwas_human2mouse/downloads/GCST90827311/GCST90827311.tsv.gz	/home/vince395/gwas_human2mouse/downloads/GCST90827311/GCST90827311.tsv.gz-meta.yaml
GCST90827312	comparator	Diagnoses - ICD10; E66.9 Obesity, unspecified	GRCh38	0-based	GCST90827312.tsv.gz-meta.yaml	meta:GCST90827312.tsv.gz-meta.yaml; coordinate_system:0-based	European	362187	Diagnoses - ICD10; E66.9 Obesity, unspecified	ftp://ftp.ebi.ac.uk/pub/databases/gwas/summary_statistics/GCST90827001-GCST90828000/GCST90827312	GCST90827312.tsv.gz	/home/vince395/gwas_human2mouse/downloads/GCST90827312/GCST90827312.tsv.gz	/home/vince395/gwas_human2mouse/downloads/GCST90827312/GCST90827312.tsv.gz-meta.yaml
GCST90827341	comparator	Diagnoses - ICD10; I10 Essential (primary) hypertension	GRCh38	0-based	GCST90827341.tsv.gz-meta.yaml	meta:GCST90827341.tsv.gz-meta.yaml; coordinate_system:0-based	European	362187	Diagnoses - ICD10; I10 Essential (primary) hypertension	ftp://ftp.ebi.ac.uk/pub/databases/gwas/summary_statistics/GCST90827001-GCST90828000/GCST90827341	GCST90827341.tsv.gz	/home/vince395/gwas_human2mouse/downloads/GCST90827341/GCST90827341.tsv.gz	/home/vince395/gwas_human2mouse/downloads/GCST90827341/GCST90827341.tsv.gz-meta.yaml
GCST90827412	comparator	Diagnoses - ICD10; M10 Gout	GRCh38	0-based	GCST90827412.tsv.gz-meta.yaml	meta:GCST90827412.tsv.gz-meta.yaml; coordinate_system:0-based	European	362187	Diagnoses - ICD10; M10 Gout	ftp://ftp.ebi.ac.uk/pub/databases/gwas/summary_statistics/GCST90827001-GCST90828000/GCST90827412	GCST90827412.tsv.gz	/home/vince395/gwas_human2mouse/downloads/GCST90827412/GCST90827412.tsv.gz	/home/vince395/gwas_human2mouse/downloads/GCST90827412/GCST90827412.tsv.gz-meta.yaml
GCST90827411	comparator	Diagnoses - ICD10; M10.9 Gout, unspecified	GRCh38	0-based	GCST90827411.tsv.gz-meta.yaml	meta:GCST90827411.tsv.gz-meta.yaml; coordinate_system:0-based	European	362187	Diagnoses - ICD10; M10.9 Gout, unspecified	ftp://ftp.ebi.ac.uk/pub/databases/gwas/summary_statistics/GCST90827001-GCST90828000/GCST90827411	GCST90827411.tsv.gz	/home/vince395/gwas_human2mouse/downloads/GCST90827411/GCST90827411.tsv.gz	/home/vince395/gwas_human2mouse/downloads/GCST90827411/GCST90827411.tsv.gz-meta.yaml
GCST90444287	comparator	Diastolic Blood Pressure	GRCh38	1-based	harmonised/GCST90444287.h.tsv.gz-meta.yaml	meta:harmonised/GCST90444287.h.tsv.gz-meta.yaml; coordinate_system:1-based	European	261089	Diastolic Blood Pressure	ftp://ftp.ebi.ac.uk/pub/databases/gwas/summary_statistics/GCST90444001-GCST90445000/GCST90444287	harmonised/GCST90444287.h.tsv.gz	/home/vince395/gwas_human2mouse/downloads/GCST90444287/harmonised/GCST90444287.h.tsv.gz	/home/vince395/gwas_human2mouse/downloads/GCST90444287/harmonised/GCST90444287.h.tsv.gz-meta.yaml
GCST90444308	comparator	Diastolic Blood Pressure	GRCh38	1-based	harmonised/GCST90444308.h.tsv.gz-meta.yaml	meta:harmonised/GCST90444308.h.tsv.gz-meta.yaml; coordinate_system:1-based	European	140180	Diastolic Blood Pressure	ftp://ftp.ebi.ac.uk/pub/databases/gwas/summary_statistics/GCST90444001-GCST90445000/GCST90444308	harmonised/GCST90444308.h.tsv.gz	/home/vince395/gwas_human2mouse/downloads/GCST90444308/harmonised/GCST90444308.h.tsv.gz	/home/vince395/gwas_human2mouse/downloads/GCST90444308/harmonised/GCST90444308.h.tsv.gz-meta.yaml
GCST90444330	comparator	Diastolic Blood Pressure	GRCh38	1-based	harmonised/GCST90444330.h.tsv.gz-meta.yaml	meta:harmonised/GCST90444330.h.tsv.gz-meta.yaml; coordinate_system:1-based	European	120909	Diastolic Blood Pressure	ftp://ftp.ebi.ac.uk/pub/databases/gwas/summary_statistics/GCST90444001-GCST90445000/GCST90444330	harmonised/GCST90444330.h.tsv.gz	/home/vince395/gwas_human2mouse/downloads/GCST90444330/harmonised/GCST90444330.h.tsv.gz	/home/vince395/gwas_human2mouse/downloads/GCST90444330/harmonised/GCST90444330.h.tsv.gz-meta.yaml
GCST90727486	comparator	Diastolic blood pressure - max	GRCh38	1-based	harmonised/GCST90727486.h.tsv.gz-meta.yaml	meta:harmonised/GCST90727486.h.tsv.gz-meta.yaml; coordinate_system:1-based	South Asian	43483	Diastolic blood pressure - max	ftp://ftp.ebi.ac.uk/pub/databases/gwas/summary_statistics/GCST90727001-GCST90728000/GCST90727486	harmonised/GCST90727486.h.tsv.gz	/home/vince395/gwas_human2mouse/downloads/GCST90727486/harmonised/GCST90727486.h.tsv.gz	/home/vince395/gwas_human2mouse/downloads/GCST90727486/harmonised/GCST90727486.h.tsv.gz-meta.yaml
GCST90727487	comparator	Diastolic blood pressure - median	GRCh38	1-based	harmonised/GCST90727487.h.tsv.gz-meta.yaml	meta:harmonised/GCST90727487.h.tsv.gz-meta.yaml; coordinate_system:1-based	South Asian	43483	Diastolic blood pressure - median	ftp://ftp.ebi.ac.uk/pub/databases/gwas/summary_statistics/GCST90727001-GCST90728000/GCST90727487	harmonised/GCST90727487.h.tsv.gz	/home/vince395/gwas_human2mouse/downloads/GCST90727487/harmonised/GCST90727487.h.tsv.gz	/home/vince395/gwas_human2mouse/downloads/GCST90727487/harmonised/GCST90727487.h.tsv.gz-meta.yaml
GCST90727488	comparator	Diastolic blood pressure - min	GRCh38	1-based	harmonised/GCST90727488.h.tsv.gz-meta.yaml	meta:harmonised/GCST90727488.h.tsv.gz-meta.yaml; coordinate_system:1-based	South Asian	43483	Diastolic blood pressure - min	ftp://ftp.ebi.ac.uk/pub/databases/gwas/summary_statistics/GCST90727001-GCST90728000/GCST90727488	harmonised/GCST90727488.h.tsv.gz	/home/vince395/gwas_human2mouse/downloads/GCST90727488/harmonised/GCST90727488.h.tsv.gz	/home/vince395/gwas_human2mouse/downloads/GCST90727488/harmonised/GCST90727488.h.tsv.gz-meta.yaml
GCST90827250	comparator	Diastolic blood pressure, automated reading	GRCh38	0-based	GCST90827250.tsv.gz-meta.yaml	meta:GCST90827250.tsv.gz-meta.yaml; coordinate_system:0-based	European	384809	Diastolic blood pressure, automated reading	ftp://ftp.ebi.ac.uk/pub/databases/gwas/summary_statistics/GCST90827001-GCST90828000/GCST90827250	GCST90827250.tsv.gz	/home/vince395/gwas_human2mouse/downloads/GCST90827250/GCST90827250.tsv.gz	/home/vince395/gwas_human2mouse/downloads/GCST90827250/GCST90827250.tsv.gz-meta.yaml
GCST90728040	comparator	Essential (ICD10 primary) hypertension (ICD10 I10)	GRCh38	1-based	harmonised/GCST90728040.h.tsv.gz-meta.yaml	meta:harmonised/GCST90728040.h.tsv.gz-meta.yaml; coordinate_system:1-based	South Asian	48489	Essential (ICD10 primary) hypertension (ICD10 I10)	ftp://ftp.ebi.ac.uk/pub/databases/gwas/summary_statistics/GCST90728001-GCST90729000/GCST90728040	harmonised/GCST90728040.h.tsv.gz	/home/vince395/gwas_human2mouse/downloads/GCST90728040/harmonised/GCST90728040.h.tsv.gz	/home/vince395/gwas_human2mouse/downloads/GCST90728040/harmonised/GCST90728040.h.tsv.gz-meta.yaml
GCST90727966	comparator	Essential Hypertension	GRCh38	1-based	harmonised/GCST90727966.h.tsv.gz-meta.yaml	meta:harmonised/GCST90727966.h.tsv.gz-meta.yaml; coordinate_system:1-based	South Asian	46417	Essential Hypertension	ftp://ftp.ebi.ac.uk/pub/databases/gwas/summary_statistics/GCST90727001-GCST90728000/GCST90727966	harmonised/GCST90727966.h.tsv.gz	/home/vince395/gwas_human2mouse/downloads/GCST90727966/harmonised/GCST90727966.h.tsv.gz	/home/vince395/gwas_human2mouse/downloads/GCST90727966/harmonised/GCST90727966.h.tsv.gz-meta.yaml
GCST90826018	comparator	Ever had gout	GRCh38	0-based	GCST90826018.tsv.gz-meta.yaml	meta:GCST90826018.tsv.gz-meta.yaml; coordinate_system:0-based	European	139048	Ever had gout	ftp://ftp.ebi.ac.uk/pub/databases/gwas/summary_statistics/GCST90826001-GCST90827000/GCST90826018	GCST90826018.tsv.gz	/home/vince395/gwas_human2mouse/downloads/GCST90826018/GCST90826018.tsv.gz	/home/vince395/gwas_human2mouse/downloads/GCST90826018/GCST90826018.tsv.gz-meta.yaml
GCST90444290	comparator	Glycated Hemoglobin	GRCh38	1-based	harmonised/GCST90444290.h.tsv.gz-meta.yaml	meta:harmonised/GCST90444290.h.tsv.gz-meta.yaml; coordinate_system:1-based	European	261089	Glycated Hemoglobin	ftp://ftp.ebi.ac.uk/pub/databases/gwas/summary_statistics/GCST90444001-GCST90445000/GCST90444290	harmonised/GCST90444290.h.tsv.gz	/home/vince395/gwas_human2mouse/downloads/GCST90444290/harmonised/GCST90444290.h.tsv.gz	/home/vince395/gwas_human2mouse/downloads/GCST90444290/harmonised/GCST90444290.h.tsv.gz-meta.yaml
GCST90444312	comparator	Glycated Hemoglobin	GRCh38	1-based	harmonised/GCST90444312.h.tsv.gz-meta.yaml	meta:harmonised/GCST90444312.h.tsv.gz-meta.yaml; coordinate_system:1-based	European	140180	Glycated Hemoglobin	ftp://ftp.ebi.ac.uk/pub/databases/gwas/summary_statistics/GCST90444001-GCST90445000/GCST90444312	harmonised/GCST90444312.h.tsv.gz	/home/vince395/gwas_human2mouse/downloads/GCST90444312/harmonised/GCST90444312.h.tsv.gz	/home/vince395/gwas_human2mouse/downloads/GCST90444312/harmonised/GCST90444312.h.tsv.gz-meta.yaml
GCST90444333	comparator	Glycated Hemoglobin	GRCh38	1-based	harmonised/GCST90444333.h.tsv.gz-meta.yaml	meta:harmonised/GCST90444333.h.tsv.gz-meta.yaml; coordinate_system:1-based	European	120909	Glycated Hemoglobin	ftp://ftp.ebi.ac.uk/pub/databases/gwas/summary_statistics/GCST90444001-GCST90445000/GCST90444333	harmonised/GCST90444333.h.tsv.gz	/home/vince395/gwas_human2mouse/downloads/GCST90444333/harmonised/GCST90444333.h.tsv.gz	/home/vince395/gwas_human2mouse/downloads/GCST90444333/harmonised/GCST90444333.h.tsv.gz-meta.yaml
GCST90826001	comparator	Glycated haemoglobin (HbA1c)	GRCh38	0-based	GCST90826001.tsv.gz-meta.yaml	meta:GCST90826001.tsv.gz-meta.yaml; coordinate_system:0-based	African unspecified	1991	Glycated haemoglobin (HbA1c)	ftp://ftp.ebi.ac.uk/pub/databases/gwas/summary_statistics/GCST90826001-GCST90827000/GCST90826001	GCST90826001.tsv.gz	/home/vince395/gwas_human2mouse/downloads/GCST90826001/GCST90826001.tsv.gz	/home/vince395/gwas_human2mouse/downloads/GCST90826001/GCST90826001.tsv.gz-meta.yaml
GCST90827198	comparator	Glycated haemoglobin (HbA1c)	GRCh38	0-based	GCST90827198.tsv.gz-meta.yaml	meta:GCST90827198.tsv.gz-meta.yaml; coordinate_system:0-based	European	387728	Glycated haemoglobin (HbA1c)	ftp://ftp.ebi.ac.uk/pub/databases/gwas/summary_statistics/GCST90827001-GCST90828000/GCST90827198	GCST90827198.tsv.gz	/home/vince395/gwas_human2mouse/downloads/GCST90827198/GCST90827198.tsv.gz	/home/vince395/gwas_human2mouse/downloads/GCST90827198/GCST90827198.tsv.gz-meta.yaml
GCST90727958	comparator	Gout (GlobalBiobankMetaAnalysis codelist)	GRCh38	1-based	harmonised/GCST90727958.h.tsv.gz-meta.yaml	meta:harmonised/GCST90727958.h.tsv.gz-meta.yaml; coordinate_system:1-based	South Asian	46417	Gout (GlobalBiobankMetaAnalysis codelist)	ftp://ftp.ebi.ac.uk/pub/databases/gwas/summary_statistics/GCST90727001-GCST90728000/GCST90727958	harmonised/GCST90727958.h.tsv.gz	/home/vince395/gwas_human2mouse/downloads/GCST90727958/harmonised/GCST90727958.h.tsv.gz	/home/vince395/gwas_human2mouse/downloads/GCST90727958/harmonised/GCST90727958.h.tsv.gz-meta.yaml
GCST90728236	comparator	Gout (ICD10 M10)	GRCh38	1-based	harmonised/GCST90728236.h.tsv.gz-meta.yaml	meta:harmonised/GCST90728236.h.tsv.gz-meta.yaml; coordinate_system:1-based	South Asian	48489	Gout (ICD10 M10)	ftp://ftp.ebi.ac.uk/pub/databases/gwas/summary_statistics/GCST90728001-GCST90729000/GCST90728236	harmonised/GCST90728236.h.tsv.gz	/home/vince395/gwas_human2mouse/downloads/GCST90728236/harmonised/GCST90728236.h.tsv.gz	/home/vince395/gwas_human2mouse/downloads/GCST90728236/harmonised/GCST90728236.h.tsv.gz-meta.yaml
GCST90727981	comparator	Gout (MULTIPLY codelist)	GRCh38	1-based	harmonised/GCST90727981.h.tsv.gz-meta.yaml	meta:harmonised/GCST90727981.h.tsv.gz-meta.yaml; coordinate_system:1-based	South Asian	46417	Gout (MULTIPLY codelist)	ftp://ftp.ebi.ac.uk/pub/databases/gwas/summary_statistics/GCST90727001-GCST90728000/GCST90727981	harmonised/GCST90727981.h.tsv.gz	/home/vince395/gwas_human2mouse/downloads/GCST90727981/harmonised/GCST90727981.h.tsv.gz	/home/vince395/gwas_human2mouse/downloads/GCST90727981/harmonised/GCST90727981.h.tsv.gz-meta.yaml
GCST90727540	comparator	Haemoglobin A1c (just mmol/L) - max	GRCh38	1-based	harmonised/GCST90727540.h.tsv.gz-meta.yaml	meta:harmonised/GCST90727540.h.tsv.gz-meta.yaml; coordinate_system:1-based	South Asian	40044	Haemoglobin A1c (just mmol/L) - max	ftp://ftp.ebi.ac.uk/pub/databases/gwas/summary_statistics/GCST90727001-GCST90728000/GCST90727540	harmonised/GCST90727540.h.tsv.gz	/home/vince395/gwas_human2mouse/downloads/GCST90727540/harmonised/GCST90727540.h.tsv.gz	/home/vince395/gwas_human2mouse/downloads/GCST90727540/harmonised/GCST90727540.h.tsv.gz-meta.yaml
GCST90727541	comparator	Haemoglobin A1c (just mmol/L) - median	GRCh38	1-based	harmonised/GCST90727541.h.tsv.gz-meta.yaml	meta:harmonised/GCST90727541.h.tsv.gz-meta.yaml; coordinate_system:1-based	South Asian	40044	Haemoglobin A1c (just mmol/L) - median	ftp://ftp.ebi.ac.uk/pub/databases/gwas/summary_statistics/GCST90727001-GCST90728000/GCST90727541	harmonised/GCST90727541.h.tsv.gz	/home/vince395/gwas_human2mouse/downloads/GCST90727541/harmonised/GCST90727541.h.tsv.gz	/home/vince395/gwas_human2mouse/downloads/GCST90727541/harmonised/GCST90727541.h.tsv.gz-meta.yaml
GCST90727542	comparator	Haemoglobin A1c (just mmol/L) - min	GRCh38	1-based	harmonised/GCST90727542.h.tsv.gz-meta.yaml	meta:harmonised/GCST90727542.h.tsv.gz-meta.yaml; coordinate_system:1-based	South Asian	40044	Haemoglobin A1c (just mmol/L) - min	ftp://ftp.ebi.ac.uk/pub/databases/gwas/summary_statistics/GCST90727001-GCST90728000/GCST90727542	harmonised/GCST90727542.h.tsv.gz	/home/vince395/gwas_human2mouse/downloads/GCST90727542/harmonised/GCST90727542.h.tsv.gz	/home/vince395/gwas_human2mouse/downloads/GCST90727542/harmonised/GCST90727542.h.tsv.gz-meta.yaml
GCST90728034	comparator	Hypertension (MULTIPLY codelist)	GRCh38	1-based	harmonised/GCST90728034.h.tsv.gz-meta.yaml	meta:harmonised/GCST90728034.h.tsv.gz-meta.yaml; coordinate_system:1-based	South Asian	46417	Hypertension (MULTIPLY codelist)	ftp://ftp.ebi.ac.uk/pub/databases/gwas/summary_statistics/GCST90728001-GCST90729000/GCST90728034	harmonised/GCST90728034.h.tsv.gz	/home/vince395/gwas_human2mouse/downloads/GCST90728034/harmonised/GCST90728034.h.tsv.gz	/home/vince395/gwas_human2mouse/downloads/GCST90728034/harmonised/GCST90728034.h.tsv.gz-meta.yaml
GCST90728030	comparator	Hypertension all types (MGH definition)	GRCh38	1-based	harmonised/GCST90728030.h.tsv.gz-meta.yaml	meta:harmonised/GCST90728030.h.tsv.gz-meta.yaml; coordinate_system:1-based	South Asian	46417	Hypertension all types (MGH definition)	ftp://ftp.ebi.ac.uk/pub/databases/gwas/summary_statistics/GCST90728001-GCST90729000/GCST90728030	harmonised/GCST90728030.h.tsv.gz	/home/vince395/gwas_human2mouse/downloads/GCST90728030/harmonised/GCST90728030.h.tsv.gz	/home/vince395/gwas_human2mouse/downloads/GCST90728030/harmonised/GCST90728030.h.tsv.gz-meta.yaml
GCST90728458	comparator	Hypertension diagnosis (Quality and Outcomes Framework codes)	GRCh38	1-based	harmonised/GCST90728458.h.tsv.gz-meta.yaml	meta:harmonised/GCST90728458.h.tsv.gz-meta.yaml; coordinate_system:1-based	South Asian	46417	Hypertension diagnosis (Quality and Outcomes Framework codes)	ftp://ftp.ebi.ac.uk/pub/databases/gwas/summary_statistics/GCST90728001-GCST90729000/GCST90728458	harmonised/GCST90728458.h.tsv.gz	/home/vince395/gwas_human2mouse/downloads/GCST90728458/harmonised/GCST90728458.h.tsv.gz	/home/vince395/gwas_human2mouse/downloads/GCST90728458/harmonised/GCST90728458.h.tsv.gz-meta.yaml
GCST90826070	comparator	Non-cancer illness code, self-reported; gout	GRCh38	0-based	GCST90826070.tsv.gz-meta.yaml	meta:GCST90826070.tsv.gz-meta.yaml; coordinate_system:0-based	European	317613	Non-cancer illness code, self-reported; gout	ftp://ftp.ebi.ac.uk/pub/databases/gwas/summary_statistics/GCST90826001-GCST90827000/GCST90826070	GCST90826070.tsv.gz	/home/vince395/gwas_human2mouse/downloads/GCST90826070/GCST90826070.tsv.gz	/home/vince395/gwas_human2mouse/downloads/GCST90826070/GCST90826070.tsv.gz-meta.yaml
GCST90826053	comparator	Non-cancer illness code, self-reported; hypertension	GRCh38	0-based	GCST90826053.tsv.gz-meta.yaml	meta:GCST90826053.tsv.gz-meta.yaml; coordinate_system:0-based	European	317613	Non-cancer illness code, self-reported; hypertension	ftp://ftp.ebi.ac.uk/pub/databases/gwas/summary_statistics/GCST90826001-GCST90827000/GCST90826053	GCST90826053.tsv.gz	/home/vince395/gwas_human2mouse/downloads/GCST90826053/GCST90826053.tsv.gz	/home/vince395/gwas_human2mouse/downloads/GCST90826053/GCST90826053.tsv.gz-meta.yaml
GCST90727872	comparator	Obesity (ICD10 E66)	GRCh38	1-based	harmonised/GCST90727872.h.tsv.gz-meta.yaml	meta:harmonised/GCST90727872.h.tsv.gz-meta.yaml; coordinate_system:1-based	South Asian	48489	Obesity (ICD10 E66)	ftp://ftp.ebi.ac.uk/pub/databases/gwas/summary_statistics/GCST90727001-GCST90728000/GCST90727872	harmonised/GCST90727872.h.tsv.gz	/home/vince395/gwas_human2mouse/downloads/GCST90727872/harmonised/GCST90727872.h.tsv.gz	/home/vince395/gwas_human2mouse/downloads/GCST90727872/harmonised/GCST90727872.h.tsv.gz-meta.yaml
GCST90728401	comparator	Obesity (MULTIPLY codelist)	GRCh38	1-based	harmonised/GCST90728401.h.tsv.gz-meta.yaml	meta:harmonised/GCST90728401.h.tsv.gz-meta.yaml; coordinate_system:1-based	South Asian	46417	Obesity (MULTIPLY codelist)	ftp://ftp.ebi.ac.uk/pub/databases/gwas/summary_statistics/GCST90728001-GCST90729000/GCST90728401	harmonised/GCST90728401.h.tsv.gz	/home/vince395/gwas_human2mouse/downloads/GCST90728401/harmonised/GCST90728401.h.tsv.gz	/home/vince395/gwas_human2mouse/downloads/GCST90728401/harmonised/GCST90728401.h.tsv.gz-meta.yaml
GCST90444296	comparator	Systolic Blood Pressure	GRCh38	1-based	harmonised/GCST90444296.h.tsv.gz-meta.yaml	meta:harmonised/GCST90444296.h.tsv.gz-meta.yaml; coordinate_system:1-based	European	261089	Systolic Blood Pressure	ftp://ftp.ebi.ac.uk/pub/databases/gwas/summary_statistics/GCST90444001-GCST90445000/GCST90444296	harmonised/GCST90444296.h.tsv.gz	/home/vince395/gwas_human2mouse/downloads/GCST90444296/harmonised/GCST90444296.h.tsv.gz	/home/vince395/gwas_human2mouse/downloads/GCST90444296/harmonised/GCST90444296.h.tsv.gz-meta.yaml
GCST90444318	comparator	Systolic Blood Pressure	GRCh38	1-based	harmonised/GCST90444318.h.tsv.gz-meta.yaml	meta:harmonised/GCST90444318.h.tsv.gz-meta.yaml; coordinate_system:1-based	European	140180	Systolic Blood Pressure	ftp://ftp.ebi.ac.uk/pub/databases/gwas/summary_statistics/GCST90444001-GCST90445000/GCST90444318	harmonised/GCST90444318.h.tsv.gz	/home/vince395/gwas_human2mouse/downloads/GCST90444318/harmonised/GCST90444318.h.tsv.gz	/home/vince395/gwas_human2mouse/downloads/GCST90444318/harmonised/GCST90444318.h.tsv.gz-meta.yaml
GCST90444339	comparator	Systolic Blood Pressure	GRCh38	1-based	harmonised/GCST90444339.h.tsv.gz-meta.yaml	meta:harmonised/GCST90444339.h.tsv.gz-meta.yaml; coordinate_system:1-based	European	120909	Systolic Blood Pressure	ftp://ftp.ebi.ac.uk/pub/databases/gwas/summary_statistics/GCST90444001-GCST90445000/GCST90444339	harmonised/GCST90444339.h.tsv.gz	/home/vince395/gwas_human2mouse/downloads/GCST90444339/harmonised/GCST90444339.h.tsv.gz	/home/vince395/gwas_human2mouse/downloads/GCST90444339/harmonised/GCST90444339.h.tsv.gz-meta.yaml
GCST90727681	comparator	Systolic blood pressure - max	GRCh38	1-based	harmonised/GCST90727681.h.tsv.gz-meta.yaml	meta:harmonised/GCST90727681.h.tsv.gz-meta.yaml; coordinate_system:1-based	South Asian	43491	Systolic blood pressure - max	ftp://ftp.ebi.ac.uk/pub/databases/gwas/summary_statistics/GCST90727001-GCST90728000/GCST90727681	harmonised/GCST90727681.h.tsv.gz	/home/vince395/gwas_human2mouse/downloads/GCST90727681/harmonised/GCST90727681.h.tsv.gz	/home/vince395/gwas_human2mouse/downloads/GCST90727681/harmonised/GCST90727681.h.tsv.gz-meta.yaml
GCST90727682	comparator	Systolic blood pressure - median	GRCh38	1-based	harmonised/GCST90727682.h.tsv.gz-meta.yaml	meta:harmonised/GCST90727682.h.tsv.gz-meta.yaml; coordinate_system:1-based	South Asian	43491	Systolic blood pressure - median	ftp://ftp.ebi.ac.uk/pub/databases/gwas/summary_statistics/GCST90727001-GCST90728000/GCST90727682	harmonised/GCST90727682.h.tsv.gz	/home/vince395/gwas_human2mouse/downloads/GCST90727682/harmonised/GCST90727682.h.tsv.gz	/home/vince395/gwas_human2mouse/downloads/GCST90727682/harmonised/GCST90727682.h.tsv.gz-meta.yaml
GCST90727683	comparator	Systolic blood pressure - min	GRCh38	1-based	harmonised/GCST90727683.h.tsv.gz-meta.yaml	meta:harmonised/GCST90727683.h.tsv.gz-meta.yaml; coordinate_system:1-based	South Asian	43491	Systolic blood pressure - min	ftp://ftp.ebi.ac.uk/pub/databases/gwas/summary_statistics/GCST90727001-GCST90728000/GCST90727683	harmonised/GCST90727683.h.tsv.gz	/home/vince395/gwas_human2mouse/downloads/GCST90727683/harmonised/GCST90727683.h.tsv.gz	/home/vince395/gwas_human2mouse/downloads/GCST90727683/harmonised/GCST90727683.h.tsv.gz-meta.yaml
GCST90827251	comparator	Systolic blood pressure, automated reading	GRCh38	0-based	GCST90827251.tsv.gz-meta.yaml	meta:GCST90827251.tsv.gz-meta.yaml; coordinate_system:0-based	European	384805	Systolic blood pressure, automated reading	ftp://ftp.ebi.ac.uk/pub/databases/gwas/summary_statistics/GCST90827001-GCST90828000/GCST90827251	GCST90827251.tsv.gz	/home/vince395/gwas_human2mouse/downloads/GCST90827251/GCST90827251.tsv.gz	/home/vince395/gwas_human2mouse/downloads/GCST90827251/GCST90827251.tsv.gz-meta.yaml
GCST90727955	comparator	Type 2 Diabetes (GenomicsPLC codelist)	GRCh38	1-based	harmonised/GCST90727955.h.tsv.gz-meta.yaml	meta:harmonised/GCST90727955.h.tsv.gz-meta.yaml; coordinate_system:1-based	South Asian	46417	Type 2 Diabetes (GenomicsPLC codelist)	ftp://ftp.ebi.ac.uk/pub/databases/gwas/summary_statistics/GCST90727001-GCST90728000/GCST90727955	harmonised/GCST90727955.h.tsv.gz	/home/vince395/gwas_human2mouse/downloads/GCST90727955/harmonised/GCST90727955.h.tsv.gz	/home/vince395/gwas_human2mouse/downloads/GCST90727955/harmonised/GCST90727955.h.tsv.gz-meta.yaml
GCST90728496	comparator	Type 2 Diabetes (MULTIPLY codelist)	GRCh38	1-based	harmonised/GCST90728496.h.tsv.gz-meta.yaml	meta:harmonised/GCST90728496.h.tsv.gz-meta.yaml; coordinate_system:1-based	South Asian	46417	Type 2 Diabetes (MULTIPLY codelist)	ftp://ftp.ebi.ac.uk/pub/databases/gwas/summary_statistics/GCST90728001-GCST90729000/GCST90728496	harmonised/GCST90728496.h.tsv.gz	/home/vince395/gwas_human2mouse/downloads/GCST90728496/harmonised/GCST90728496.h.tsv.gz	/home/vince395/gwas_human2mouse/downloads/GCST90728496/harmonised/GCST90728496.h.tsv.gz-meta.yaml
GCST90727860	comparator	Type 2 diabetes mellitus (ICD10 E11)	GRCh38	1-based	harmonised/GCST90727860.h.tsv.gz-meta.yaml	meta:harmonised/GCST90727860.h.tsv.gz-meta.yaml; coordinate_system:1-based	South Asian	48489	Type 2 diabetes mellitus (ICD10 E11)	ftp://ftp.ebi.ac.uk/pub/databases/gwas/summary_statistics/GCST90727001-GCST90728000/GCST90727860	harmonised/GCST90727860.h.tsv.gz	/home/vince395/gwas_human2mouse/downloads/GCST90727860/harmonised/GCST90727860.h.tsv.gz	/home/vince395/gwas_human2mouse/downloads/GCST90727860/harmonised/GCST90727860.h.tsv.gz-meta.yaml
GCST90827215	comparator	Urate	GRCh38	0-based	GCST90827215.tsv.gz-meta.yaml	meta:GCST90827215.tsv.gz-meta.yaml; coordinate_system:0-based	European	387159	Urate	ftp://ftp.ebi.ac.uk/pub/databases/gwas/summary_statistics/GCST90827001-GCST90828000/GCST90827215	GCST90827215.tsv.gz	/home/vince395/gwas_human2mouse/downloads/GCST90827215/GCST90827215.tsv.gz	/home/vince395/gwas_human2mouse/downloads/GCST90827215/GCST90827215.tsv.gz-meta.yaml
GCST90726485	comparator	Urate (umol/L)	GRCh38	1-based	harmonised/GCST90726485.h.tsv.gz-meta.yaml	meta:harmonised/GCST90726485.h.tsv.gz-meta.yaml; coordinate_system:1-based	Other admixed ancestry	5831	Urate (umol/L)	ftp://ftp.ebi.ac.uk/pub/databases/gwas/summary_statistics/GCST90726001-GCST90727000/GCST90726485	harmonised/GCST90726485.h.tsv.gz	/home/vince395/gwas_human2mouse/downloads/GCST90726485/harmonised/GCST90726485.h.tsv.gz	/home/vince395/gwas_human2mouse/downloads/GCST90726485/harmonised/GCST90726485.h.tsv.gz-meta.yaml
GCST90726486	comparator	Urate (umol/L)	GRCh38	1-based	harmonised/GCST90726486.h.tsv.gz-meta.yaml	meta:harmonised/GCST90726486.h.tsv.gz-meta.yaml; coordinate_system:1-based	Other admixed ancestry	5831	Urate (umol/L)	ftp://ftp.ebi.ac.uk/pub/databases/gwas/summary_statistics/GCST90726001-GCST90727000/GCST90726486	harmonised/GCST90726486.h.tsv.gz	/home/vince395/gwas_human2mouse/downloads/GCST90726486/harmonised/GCST90726486.h.tsv.gz	/home/vince395/gwas_human2mouse/downloads/GCST90726486/harmonised/GCST90726486.h.tsv.gz-meta.yaml
GCST90727705	comparator	Urate - max	GRCh38	1-based	harmonised/GCST90727705.h.tsv.gz-meta.yaml	meta:harmonised/GCST90727705.h.tsv.gz-meta.yaml; coordinate_system:1-based	South Asian	6769	Urate - max	ftp://ftp.ebi.ac.uk/pub/databases/gwas/summary_statistics/GCST90727001-GCST90728000/GCST90727705	harmonised/GCST90727705.h.tsv.gz	/home/vince395/gwas_human2mouse/downloads/GCST90727705/harmonised/GCST90727705.h.tsv.gz	/home/vince395/gwas_human2mouse/downloads/GCST90727705/harmonised/GCST90727705.h.tsv.gz-meta.yaml
GCST90727706	comparator	Urate - median	GRCh38	1-based	harmonised/GCST90727706.h.tsv.gz-meta.yaml	meta:harmonised/GCST90727706.h.tsv.gz-meta.yaml; coordinate_system:1-based	South Asian	6769	Urate - median	ftp://ftp.ebi.ac.uk/pub/databases/gwas/summary_statistics/GCST90727001-GCST90728000/GCST90727706	harmonised/GCST90727706.h.tsv.gz	/home/vince395/gwas_human2mouse/downloads/GCST90727706/harmonised/GCST90727706.h.tsv.gz	/home/vince395/gwas_human2mouse/downloads/GCST90727706/harmonised/GCST90727706.h.tsv.gz-meta.yaml
GCST90727707	comparator	Urate - min	GRCh38	1-based	harmonised/GCST90727707.h.tsv.gz-meta.yaml	meta:harmonised/GCST90727707.h.tsv.gz-meta.yaml; coordinate_system:1-based	South Asian	6769	Urate - min	ftp://ftp.ebi.ac.uk/pub/databases/gwas/summary_statistics/GCST90727001-GCST90728000/GCST90727707	harmonised/GCST90727707.h.tsv.gz	/home/vince395/gwas_human2mouse/downloads/GCST90727707/harmonised/GCST90727707.h.tsv.gz	/home/vince395/gwas_human2mouse/downloads/GCST90727707/harmonised/GCST90727707.h.tsv.gz-meta.yaml
GCST90310252	comparator	central systolic blood pressure (cSBP)	GRCh37	1-based	GCST90310252.tsv.gz-meta.yaml	meta:GCST90310252.tsv.gz-meta.yaml; coordinate_system:1-based	East Asian	5954	central systolic blood pressure (cSBP)	ftp://ftp.ebi.ac.uk/pub/databases/gwas/summary_statistics/GCST90310001-GCST90311000/GCST90310252	GCST90310252.tsv.gz	/home/vince395/gwas_human2mouse/downloads/GCST90310252/GCST90310252.tsv.gz	/home/vince395/gwas_human2mouse/downloads/GCST90310252/GCST90310252.tsv.gz-meta.yaml
GCST90310249	comparator	diastolicblood pressure(DBP)	GRCh37	1-based	GCST90310249.tsv.gz-meta.yaml	meta:GCST90310249.tsv.gz-meta.yaml; coordinate_system:1-based	East Asian	5954	diastolicblood pressure(DBP)	ftp://ftp.ebi.ac.uk/pub/databases/gwas/summary_statistics/GCST90310001-GCST90311000/GCST90310249	GCST90310249.tsv.gz	/home/vince395/gwas_human2mouse/downloads/GCST90310249/GCST90310249.tsv.gz	/home/vince395/gwas_human2mouse/downloads/GCST90310249/GCST90310249.tsv.gz-meta.yaml
GCST90301210	comparator	hbA1c	GRCh38	1-based	harmonised/GCST90301210.h.tsv.gz-meta.yaml	meta:harmonised/GCST90301210.h.tsv.gz-meta.yaml; coordinate_system:1-based	European	207740	hbA1c	ftp://ftp.ebi.ac.uk/pub/databases/gwas/summary_statistics/GCST90301001-GCST90302000/GCST90301210	harmonised/GCST90301210.h.tsv.gz	/home/vince395/gwas_human2mouse/downloads/GCST90301210/harmonised/GCST90301210.h.tsv.gz	/home/vince395/gwas_human2mouse/downloads/GCST90301210/harmonised/GCST90301210.h.tsv.gz-meta.yaml
GCST90301211	comparator	hbA1c	GRCh38	1-based	harmonised/GCST90301211.h.tsv.gz-meta.yaml	meta:harmonised/GCST90301211.h.tsv.gz-meta.yaml; coordinate_system:1-based	European	207647	hbA1c	ftp://ftp.ebi.ac.uk/pub/databases/gwas/summary_statistics/GCST90301001-GCST90302000/GCST90301211	harmonised/GCST90301211.h.tsv.gz	/home/vince395/gwas_human2mouse/downloads/GCST90301211/harmonised/GCST90301211.h.tsv.gz	/home/vince395/gwas_human2mouse/downloads/GCST90301211/harmonised/GCST90301211.h.tsv.gz-meta.yaml
GCST90370243	comparator	in-silico score for coronary artery disease	GRCh38	1-based	GCST90370243.tsv.gz-meta.yaml	meta:GCST90370243.tsv.gz-meta.yaml; coordinate_system_defaulted_to_1-based	NR	604914	in-silico score for coronary artery disease	ftp://ftp.ebi.ac.uk/pub/databases/gwas/summary_statistics/GCST90370001-GCST90371000/GCST90370243	GCST90370243.tsv.gz	/home/vince395/gwas_human2mouse/downloads/GCST90370243/GCST90370243.tsv.gz	/home/vince395/gwas_human2mouse/downloads/GCST90370243/GCST90370243.tsv.gz-meta.yaml
GCST90370244	comparator	in-silico score for coronary artery disease	GRCh38	1-based	GCST90370244.tsv.gz-meta.yaml	meta:GCST90370244.tsv.gz-meta.yaml; coordinate_system_defaulted_to_1-based	NR	604914	in-silico score for coronary artery disease	ftp://ftp.ebi.ac.uk/pub/databases/gwas/summary_statistics/GCST90370001-GCST90371000/GCST90370244	GCST90370244.tsv.gz	/home/vince395/gwas_human2mouse/downloads/GCST90370244/GCST90370244.tsv.gz	/home/vince395/gwas_human2mouse/downloads/GCST90370244/GCST90370244.tsv.gz-meta.yaml
GCST90310251	comparator	pulse pressure (PP)	GRCh37	1-based	GCST90310251.tsv.gz-meta.yaml	meta:GCST90310251.tsv.gz-meta.yaml; coordinate_system:1-based	East Asian	5954	pulse pressure (PP)	ftp://ftp.ebi.ac.uk/pub/databases/gwas/summary_statistics/GCST90310001-GCST90311000/GCST90310251	GCST90310251.tsv.gz	/home/vince395/gwas_human2mouse/downloads/GCST90310251/GCST90310251.tsv.gz	/home/vince395/gwas_human2mouse/downloads/GCST90310251/GCST90310251.tsv.gz-meta.yaml
GCST90164255	comparator	urate	GRCh38	1-based	harmonised/GCST90164255.h.tsv.gz-meta.yaml	meta:harmonised/GCST90164255.h.tsv.gz-meta.yaml; coordinate_system:1-based	European	822	urate	ftp://ftp.ebi.ac.uk/pub/databases/gwas/summary_statistics/GCST90164001-GCST90165000/GCST90164255	harmonised/GCST90164255.h.tsv.gz	/home/vince395/gwas_human2mouse/downloads/GCST90164255/harmonised/GCST90164255.h.tsv.gz	/home/vince395/gwas_human2mouse/downloads/GCST90164255/harmonised/GCST90164255.h.tsv.gz-meta.yaml
GCST90164860	comparator	urate	unknown	1-based		no_meta_build; coordinate_system_defaulted_to_1-based				ftp://ftp.ebi.ac.uk/pub/databases/gwas/summary_statistics/GCST90164001-GCST90165000/GCST90164860			
GCST90301232	comparator	urate	GRCh38	1-based	harmonised/GCST90301232.h.tsv.gz-meta.yaml	meta:harmonised/GCST90301232.h.tsv.gz-meta.yaml; coordinate_system:1-based	European	215760	urate	ftp://ftp.ebi.ac.uk/pub/databases/gwas/summary_statistics/GCST90301001-GCST90302000/GCST90301232	harmonised/GCST90301232.h.tsv.gz	/home/vince395/gwas_human2mouse/downloads/GCST90301232/harmonised/GCST90301232.h.tsv.gz	/home/vince395/gwas_human2mouse/downloads/GCST90301232/harmonised/GCST90301232.h.tsv.gz-meta.yaml
GCST90301233	comparator	urate	GRCh38	1-based	harmonised/GCST90301233.h.tsv.gz-meta.yaml	meta:harmonised/GCST90301233.h.tsv.gz-meta.yaml; coordinate_system:1-based	European	215531	urate	ftp://ftp.ebi.ac.uk/pub/databases/gwas/summary_statistics/GCST90301001-GCST90302000/GCST90301233	harmonised/GCST90301233.h.tsv.gz	/home/vince395/gwas_human2mouse/downloads/GCST90301233/harmonised/GCST90301233.h.tsv.gz	/home/vince395/gwas_human2mouse/downloads/GCST90301233/harmonised/GCST90301233.h.tsv.gz-meta.yaml
GCST90566356	comparator	z-score of body mass index [kg/m^2]	GRCh38	1-based	GCST90566356.tsv-meta.yaml	meta:GCST90566356.tsv-meta.yaml; coordinate_system:1-based	European	2801	z-score of body mass index [kg/m^2]	ftp://ftp.ebi.ac.uk/pub/databases/gwas/summary_statistics/GCST90566001-GCST90567000/GCST90566356	GCST90566356.tsv	/home/vince395/gwas_human2mouse/downloads/GCST90566356/GCST90566356.tsv	/home/vince395/gwas_human2mouse/downloads/GCST90566356/GCST90566356.tsv-meta.yaml
GCST90566357	comparator	z-score of diastolic blood pressure	GRCh38	1-based	GCST90566357.tsv-meta.yaml	meta:GCST90566357.tsv-meta.yaml; coordinate_system:1-based	European	2801	z-score of diastolic blood pressure	ftp://ftp.ebi.ac.uk/pub/databases/gwas/summary_statistics/GCST90566001-GCST90567000/GCST90566357	GCST90566357.tsv	/home/vince395/gwas_human2mouse/downloads/GCST90566357/GCST90566357.tsv	/home/vince395/gwas_human2mouse/downloads/GCST90566357/GCST90566357.tsv-meta.yaml
GCST90566367	comparator	z-score of systolic blood pressure	GRCh38	1-based	GCST90566367.tsv-meta.yaml	meta:GCST90566367.tsv-meta.yaml; coordinate_system:1-based	European	2801	z-score of systolic blood pressure	ftp://ftp.ebi.ac.uk/pub/databases/gwas/summary_statistics/GCST90566001-GCST90567000/GCST90566367	GCST90566367.tsv	/home/vince395/gwas_human2mouse/downloads/GCST90566367/GCST90566367.tsv	/home/vince395/gwas_human2mouse/downloads/GCST90566367/GCST90566367.tsv-meta.yaml
GCST90728289	kidney	Acute renal failure (ICD10 N17)	GRCh38	1-based	harmonised/GCST90728289.h.tsv.gz-meta.yaml	meta:harmonised/GCST90728289.h.tsv.gz-meta.yaml; coordinate_system:1-based	South Asian	48489	Acute renal failure (ICD10 N17)	ftp://ftp.ebi.ac.uk/pub/databases/gwas/summary_statistics/GCST90728001-GCST90729000/GCST90728289	harmonised/GCST90728289.h.tsv.gz	/home/vince395/gwas_human2mouse/downloads/GCST90728289/harmonised/GCST90728289.h.tsv.gz	/home/vince395/gwas_human2mouse/downloads/GCST90728289/harmonised/GCST90728289.h.tsv.gz-meta.yaml
GCST90728281	kidney	Chronic Kidney Disease (MGH definition)	GRCh38	1-based	harmonised/GCST90728281.h.tsv.gz-meta.yaml	meta:harmonised/GCST90728281.h.tsv.gz-meta.yaml; coordinate_system:1-based	South Asian	46417	Chronic Kidney Disease (MGH definition)	ftp://ftp.ebi.ac.uk/pub/databases/gwas/summary_statistics/GCST90728001-GCST90729000/GCST90728281	harmonised/GCST90728281.h.tsv.gz	/home/vince395/gwas_human2mouse/downloads/GCST90728281/harmonised/GCST90728281.h.tsv.gz	/home/vince395/gwas_human2mouse/downloads/GCST90728281/harmonised/GCST90728281.h.tsv.gz-meta.yaml
GCST90727806	kidney	Chronic Kidney Disease (MULTIPLY codelist)	GRCh38	1-based	harmonised/GCST90727806.h.tsv.gz-meta.yaml	meta:harmonised/GCST90727806.h.tsv.gz-meta.yaml; coordinate_system:1-based	South Asian	46417	Chronic Kidney Disease (MULTIPLY codelist)	ftp://ftp.ebi.ac.uk/pub/databases/gwas/summary_statistics/GCST90727001-GCST90728000/GCST90727806	harmonised/GCST90727806.h.tsv.gz	/home/vince395/gwas_human2mouse/downloads/GCST90727806/harmonised/GCST90727806.h.tsv.gz	/home/vince395/gwas_human2mouse/downloads/GCST90727806/harmonised/GCST90727806.h.tsv.gz-meta.yaml
GCST90728449	kidney	Chronic kidney disease (CKD) stage 1-2 (Quality and Outcomes Framework codes)	GRCh38	1-based	harmonised/GCST90728449.h.tsv.gz-meta.yaml	meta:harmonised/GCST90728449.h.tsv.gz-meta.yaml; coordinate_system:1-based	South Asian	46417	Chronic kidney disease (CKD) stage 1-2 (Quality and Outcomes Framework codes)	ftp://ftp.ebi.ac.uk/pub/databases/gwas/summary_statistics/GCST90728001-GCST90729000/GCST90728449	harmonised/GCST90728449.h.tsv.gz	/home/vince395/gwas_human2mouse/downloads/GCST90728449/harmonised/GCST90728449.h.tsv.gz	/home/vince395/gwas_human2mouse/downloads/GCST90728449/harmonised/GCST90728449.h.tsv.gz-meta.yaml
GCST90728450	kidney	Chronic kidney disease (CKD) stage 3-5 (Quality and Outcomes Framework codes)	GRCh38	1-based	harmonised/GCST90728450.h.tsv.gz-meta.yaml	meta:harmonised/GCST90728450.h.tsv.gz-meta.yaml; coordinate_system:1-based	South Asian	46417	Chronic kidney disease (CKD) stage 3-5 (Quality and Outcomes Framework codes)	ftp://ftp.ebi.ac.uk/pub/databases/gwas/summary_statistics/GCST90728001-GCST90729000/GCST90728450	harmonised/GCST90728450.h.tsv.gz	/home/vince395/gwas_human2mouse/downloads/GCST90728450/harmonised/GCST90728450.h.tsv.gz	/home/vince395/gwas_human2mouse/downloads/GCST90728450/harmonised/GCST90728450.h.tsv.gz-meta.yaml
GCST90728290	kidney	Chronic kidney disease (ICD10 N18)	GRCh38	1-based	harmonised/GCST90728290.h.tsv.gz-meta.yaml	meta:harmonised/GCST90728290.h.tsv.gz-meta.yaml; coordinate_system:1-based	South Asian	48489	Chronic kidney disease (ICD10 N18)	ftp://ftp.ebi.ac.uk/pub/databases/gwas/summary_statistics/GCST90728001-GCST90729000/GCST90728290	harmonised/GCST90728290.h.tsv.gz	/home/vince395/gwas_human2mouse/downloads/GCST90728290/harmonised/GCST90728290.h.tsv.gz	/home/vince395/gwas_human2mouse/downloads/GCST90728290/harmonised/GCST90728290.h.tsv.gz-meta.yaml
GCST90447114	kidney	Creatinine	GRCh37	1-based	GCST90447114.tsv-meta.yaml	meta:GCST90447114.tsv-meta.yaml; coordinate_system:1-based	European	130192	Creatinine	ftp://ftp.ebi.ac.uk/pub/databases/gwas/summary_statistics/GCST90447001-GCST90448000/GCST90447114	GCST90447114.tsv	/home/vince395/gwas_human2mouse/downloads/GCST90447114/GCST90447114.tsv	/home/vince395/gwas_human2mouse/downloads/GCST90447114/GCST90447114.tsv-meta.yaml
GCST90449375	kidney	Creatinine	GRCh38	1-based	GCST90449375.tsv.gz-meta.yaml	meta:GCST90449375.tsv.gz-meta.yaml; coordinate_system:1-based	European	185352	Creatinine	ftp://ftp.ebi.ac.uk/pub/databases/gwas/summary_statistics/GCST90449001-GCST90450000/GCST90449375	GCST90449375.tsv.gz	/home/vince395/gwas_human2mouse/downloads/GCST90449375/GCST90449375.tsv.gz	/home/vince395/gwas_human2mouse/downloads/GCST90449375/GCST90449375.tsv.gz-meta.yaml
GCST90449624	kidney	Creatinine	GRCh38	1-based	GCST90449624.tsv.gz-meta.yaml	meta:GCST90449624.tsv.gz-meta.yaml; coordinate_system:1-based	European	413897	Creatinine	ftp://ftp.ebi.ac.uk/pub/databases/gwas/summary_statistics/GCST90449001-GCST90450000/GCST90449624	GCST90449624.tsv.gz	/home/vince395/gwas_human2mouse/downloads/GCST90449624/GCST90449624.tsv.gz	/home/vince395/gwas_human2mouse/downloads/GCST90449624/GCST90449624.tsv.gz-meta.yaml
GCST90449873	kidney	Creatinine	GRCh38	1-based	GCST90449873.tsv.gz-meta.yaml	meta:GCST90449873.tsv.gz-meta.yaml; coordinate_system:1-based	African American or Afro-Caribbean	6439	Creatinine	ftp://ftp.ebi.ac.uk/pub/databases/gwas/summary_statistics/GCST90449001-GCST90450000/GCST90449873	GCST90449873.tsv.gz	/home/vince395/gwas_human2mouse/downloads/GCST90449873/GCST90449873.tsv.gz	/home/vince395/gwas_human2mouse/downloads/GCST90449873/GCST90449873.tsv.gz-meta.yaml
GCST90450122	kidney	Creatinine	GRCh38	1-based	GCST90450122.tsv.gz-meta.yaml	meta:GCST90450122.tsv.gz-meta.yaml; coordinate_system:1-based	Other admixed ancestry	928	Creatinine	ftp://ftp.ebi.ac.uk/pub/databases/gwas/summary_statistics/GCST90450001-GCST90451000/GCST90450122	GCST90450122.tsv.gz	/home/vince395/gwas_human2mouse/downloads/GCST90450122/GCST90450122.tsv.gz	/home/vince395/gwas_human2mouse/downloads/GCST90450122/GCST90450122.tsv.gz-meta.yaml
GCST90450371	kidney	Creatinine	GRCh38	1-based	GCST90450371.tsv.gz-meta.yaml	meta:GCST90450371.tsv.gz-meta.yaml; coordinate_system:1-based	Central Asian; South Asian	8652	Creatinine	ftp://ftp.ebi.ac.uk/pub/databases/gwas/summary_statistics/GCST90450001-GCST90451000/GCST90450371	GCST90450371.tsv.gz	/home/vince395/gwas_human2mouse/downloads/GCST90450371/GCST90450371.tsv.gz	/home/vince395/gwas_human2mouse/downloads/GCST90450371/GCST90450371.tsv.gz-meta.yaml
GCST90450620	kidney	Creatinine	GRCh38	1-based	GCST90450620.tsv.gz-meta.yaml	meta:GCST90450620.tsv.gz-meta.yaml; coordinate_system:1-based	East Asian	2604	Creatinine	ftp://ftp.ebi.ac.uk/pub/databases/gwas/summary_statistics/GCST90450001-GCST90451000/GCST90450620	GCST90450620.tsv.gz	/home/vince395/gwas_human2mouse/downloads/GCST90450620/GCST90450620.tsv.gz	/home/vince395/gwas_human2mouse/downloads/GCST90450620/GCST90450620.tsv.gz-meta.yaml
GCST90450869	kidney	Creatinine	GRCh38	1-based	GCST90450869.tsv.gz-meta.yaml	meta:GCST90450869.tsv.gz-meta.yaml; coordinate_system:1-based	Greater Middle Eastern (Middle Eastern, North African or Persian)	1500	Creatinine	ftp://ftp.ebi.ac.uk/pub/databases/gwas/summary_statistics/GCST90450001-GCST90451000/GCST90450869	GCST90450869.tsv.gz	/home/vince395/gwas_human2mouse/downloads/GCST90450869/GCST90450869.tsv.gz	/home/vince395/gwas_human2mouse/downloads/GCST90450869/GCST90450869.tsv.gz-meta.yaml
GCST90451118	kidney	Creatinine	GRCh38	1-based	GCST90451118.tsv.gz-meta.yaml	meta:GCST90451118.tsv.gz-meta.yaml; coordinate_system:1-based	European	413897	Creatinine	ftp://ftp.ebi.ac.uk/pub/databases/gwas/summary_statistics/GCST90451001-GCST90452000/GCST90451118	GCST90451118.tsv.gz	/home/vince395/gwas_human2mouse/downloads/GCST90451118/GCST90451118.tsv.gz	/home/vince395/gwas_human2mouse/downloads/GCST90451118/GCST90451118.tsv.gz-meta.yaml
GCST90451367	kidney	Creatinine	GRCh38	1-based	GCST90451367.tsv.gz-meta.yaml	meta:GCST90451367.tsv.gz-meta.yaml; coordinate_system:1-based	East Asian	2604	Creatinine	ftp://ftp.ebi.ac.uk/pub/databases/gwas/summary_statistics/GCST90451001-GCST90452000/GCST90451367	GCST90451367.tsv.gz	/home/vince395/gwas_human2mouse/downloads/GCST90451367/GCST90451367.tsv.gz	/home/vince395/gwas_human2mouse/downloads/GCST90451367/GCST90451367.tsv.gz-meta.yaml
GCST90709314	kidney	Creatinine	GRCh38	1-based	harmonised/GCST90709314.h.tsv.gz-meta.yaml	meta:harmonised/GCST90709314.h.tsv.gz-meta.yaml; coordinate_system:1-based	East Asian	22648	Creatinine	ftp://ftp.ebi.ac.uk/pub/databases/gwas/summary_statistics/GCST90709001-GCST90710000/GCST90709314	harmonised/GCST90709314.h.tsv.gz	/home/vince395/gwas_human2mouse/downloads/GCST90709314/harmonised/GCST90709314.h.tsv.gz	/home/vince395/gwas_human2mouse/downloads/GCST90709314/harmonised/GCST90709314.h.tsv.gz-meta.yaml
GCST90709562	kidney	Creatinine	GRCh38	1-based	harmonised/GCST90709562.h.tsv.gz-meta.yaml	meta:harmonised/GCST90709562.h.tsv.gz-meta.yaml; coordinate_system:1-based	East Asian; European; Greater Middle Eastern (Middle Eastern, North African or Persian); Central Asian; South Asian	642020	Creatinine	ftp://ftp.ebi.ac.uk/pub/databases/gwas/summary_statistics/GCST90709001-GCST90710000/GCST90709562	harmonised/GCST90709562.h.tsv.gz	/home/vince395/gwas_human2mouse/downloads/GCST90709562/harmonised/GCST90709562.h.tsv.gz	/home/vince395/gwas_human2mouse/downloads/GCST90709562/harmonised/GCST90709562.h.tsv.gz-meta.yaml
GCST90827193	kidney	Creatinine	GRCh38	0-based	GCST90827193.tsv.gz-meta.yaml	meta:GCST90827193.tsv.gz-meta.yaml; coordinate_system:0-based	European	387442	Creatinine	ftp://ftp.ebi.ac.uk/pub/databases/gwas/summary_statistics/GCST90827001-GCST90828000/GCST90827193	GCST90827193.tsv.gz	/home/vince395/gwas_human2mouse/downloads/GCST90827193/GCST90827193.tsv.gz	/home/vince395/gwas_human2mouse/downloads/GCST90827193/GCST90827193.tsv.gz-meta.yaml
GCST90726449	kidney	Creatinine (umol/L)	GRCh38	1-based	harmonised/GCST90726449.h.tsv.gz-meta.yaml	meta:harmonised/GCST90726449.h.tsv.gz-meta.yaml; coordinate_system:1-based	Other admixed ancestry	5836	Creatinine (umol/L)	ftp://ftp.ebi.ac.uk/pub/databases/gwas/summary_statistics/GCST90726001-GCST90727000/GCST90726449	harmonised/GCST90726449.h.tsv.gz	/home/vince395/gwas_human2mouse/downloads/GCST90726449/harmonised/GCST90726449.h.tsv.gz	/home/vince395/gwas_human2mouse/downloads/GCST90726449/harmonised/GCST90726449.h.tsv.gz-meta.yaml
GCST90726450	kidney	Creatinine (umol/L)	GRCh38	1-based	harmonised/GCST90726450.h.tsv.gz-meta.yaml	meta:harmonised/GCST90726450.h.tsv.gz-meta.yaml; coordinate_system:1-based	Other admixed ancestry	5836	Creatinine (umol/L)	ftp://ftp.ebi.ac.uk/pub/databases/gwas/summary_statistics/GCST90726001-GCST90727000/GCST90726450	harmonised/GCST90726450.h.tsv.gz	/home/vince395/gwas_human2mouse/downloads/GCST90726450/harmonised/GCST90726450.h.tsv.gz	/home/vince395/gwas_human2mouse/downloads/GCST90726450/harmonised/GCST90726450.h.tsv.gz-meta.yaml
GCST90727480	kidney	Creatinine - max	GRCh38	1-based	harmonised/GCST90727480.h.tsv.gz-meta.yaml	meta:harmonised/GCST90727480.h.tsv.gz-meta.yaml; coordinate_system:1-based	South Asian	40353	Creatinine - max	ftp://ftp.ebi.ac.uk/pub/databases/gwas/summary_statistics/GCST90727001-GCST90728000/GCST90727480	harmonised/GCST90727480.h.tsv.gz	/home/vince395/gwas_human2mouse/downloads/GCST90727480/harmonised/GCST90727480.h.tsv.gz	/home/vince395/gwas_human2mouse/downloads/GCST90727480/harmonised/GCST90727480.h.tsv.gz-meta.yaml
GCST90727481	kidney	Creatinine - median	GRCh38	1-based	harmonised/GCST90727481.h.tsv.gz-meta.yaml	meta:harmonised/GCST90727481.h.tsv.gz-meta.yaml; coordinate_system:1-based	South Asian	40353	Creatinine - median	ftp://ftp.ebi.ac.uk/pub/databases/gwas/summary_statistics/GCST90727001-GCST90728000/GCST90727481	harmonised/GCST90727481.h.tsv.gz	/home/vince395/gwas_human2mouse/downloads/GCST90727481/harmonised/GCST90727481.h.tsv.gz	/home/vince395/gwas_human2mouse/downloads/GCST90727481/harmonised/GCST90727481.h.tsv.gz-meta.yaml
GCST90727482	kidney	Creatinine - min	GRCh38	1-based	harmonised/GCST90727482.h.tsv.gz-meta.yaml	meta:harmonised/GCST90727482.h.tsv.gz-meta.yaml; coordinate_system:1-based	South Asian	40353	Creatinine - min	ftp://ftp.ebi.ac.uk/pub/databases/gwas/summary_statistics/GCST90727001-GCST90728000/GCST90727482	harmonised/GCST90727482.h.tsv.gz	/home/vince395/gwas_human2mouse/downloads/GCST90727482/harmonised/GCST90727482.h.tsv.gz	/home/vince395/gwas_human2mouse/downloads/GCST90727482/harmonised/GCST90727482.h.tsv.gz-meta.yaml
GCST90827195	kidney	Cystatin C	GRCh38	0-based	GCST90827195.tsv.gz-meta.yaml	meta:GCST90827195.tsv.gz-meta.yaml; coordinate_system:0-based	European	387599	Cystatin C	ftp://ftp.ebi.ac.uk/pub/databases/gwas/summary_statistics/GCST90827001-GCST90828000/GCST90827195	GCST90827195.tsv.gz	/home/vince395/gwas_human2mouse/downloads/GCST90827195/GCST90827195.tsv.gz	/home/vince395/gwas_human2mouse/downloads/GCST90827195/GCST90827195.tsv.gz-meta.yaml
GCST90726453	kidney	Cystatin C (mg/L)	GRCh38	1-based	harmonised/GCST90726453.h.tsv.gz-meta.yaml	meta:harmonised/GCST90726453.h.tsv.gz-meta.yaml; coordinate_system:1-based	Other admixed ancestry	5835	Cystatin C (mg/L)	ftp://ftp.ebi.ac.uk/pub/databases/gwas/summary_statistics/GCST90726001-GCST90727000/GCST90726453	harmonised/GCST90726453.h.tsv.gz	/home/vince395/gwas_human2mouse/downloads/GCST90726453/harmonised/GCST90726453.h.tsv.gz	/home/vince395/gwas_human2mouse/downloads/GCST90726453/harmonised/GCST90726453.h.tsv.gz-meta.yaml
GCST90726454	kidney	Cystatin C (mg/L)	GRCh38	1-based	harmonised/GCST90726454.h.tsv.gz-meta.yaml	meta:harmonised/GCST90726454.h.tsv.gz-meta.yaml; coordinate_system:1-based	Other admixed ancestry	5835	Cystatin C (mg/L)	ftp://ftp.ebi.ac.uk/pub/databases/gwas/summary_statistics/GCST90726001-GCST90727000/GCST90726454	harmonised/GCST90726454.h.tsv.gz	/home/vince395/gwas_human2mouse/downloads/GCST90726454/harmonised/GCST90726454.h.tsv.gz	/home/vince395/gwas_human2mouse/downloads/GCST90726454/harmonised/GCST90726454.h.tsv.gz-meta.yaml
GCST90827426	kidney	Diagnoses - ICD10; N17 Acute renal failure	GRCh38	0-based	GCST90827426.tsv.gz-meta.yaml	meta:GCST90827426.tsv.gz-meta.yaml; coordinate_system:0-based	European	362187	Diagnoses - ICD10; N17 Acute renal failure	ftp://ftp.ebi.ac.uk/pub/databases/gwas/summary_statistics/GCST90827001-GCST90828000/GCST90827426	GCST90827426.tsv.gz	/home/vince395/gwas_human2mouse/downloads/GCST90827426/GCST90827426.tsv.gz	/home/vince395/gwas_human2mouse/downloads/GCST90827426/GCST90827426.tsv.gz-meta.yaml
GCST90827425	kidney	Diagnoses - ICD10; N17.9 Acute renal failure, unspecified	GRCh38	0-based	GCST90827425.tsv.gz-meta.yaml	meta:GCST90827425.tsv.gz-meta.yaml; coordinate_system:0-based	European	362187	Diagnoses - ICD10; N17.9 Acute renal failure, unspecified	ftp://ftp.ebi.ac.uk/pub/databases/gwas/summary_statistics/GCST90827001-GCST90828000/GCST90827425	GCST90827425.tsv.gz	/home/vince395/gwas_human2mouse/downloads/GCST90827425/GCST90827425.tsv.gz	/home/vince395/gwas_human2mouse/downloads/GCST90827425/GCST90827425.tsv.gz-meta.yaml
GCST90727881	kidney	End stage renal disease	GRCh38	1-based	harmonised/GCST90727881.h.tsv.gz-meta.yaml	meta:harmonised/GCST90727881.h.tsv.gz-meta.yaml; coordinate_system:1-based	South Asian	46417	End stage renal disease	ftp://ftp.ebi.ac.uk/pub/databases/gwas/summary_statistics/GCST90727001-GCST90728000/GCST90727881	harmonised/GCST90727881.h.tsv.gz	/home/vince395/gwas_human2mouse/downloads/GCST90727881/harmonised/GCST90727881.h.tsv.gz	/home/vince395/gwas_human2mouse/downloads/GCST90727881/harmonised/GCST90727881.h.tsv.gz-meta.yaml
GCST90727492	kidney	Estimated glomerular filtration rate - max	GRCh38	1-based	harmonised/GCST90727492.h.tsv.gz-meta.yaml	meta:harmonised/GCST90727492.h.tsv.gz-meta.yaml; coordinate_system:1-based	South Asian	38896	Estimated glomerular filtration rate - max	ftp://ftp.ebi.ac.uk/pub/databases/gwas/summary_statistics/GCST90727001-GCST90728000/GCST90727492	harmonised/GCST90727492.h.tsv.gz	/home/vince395/gwas_human2mouse/downloads/GCST90727492/harmonised/GCST90727492.h.tsv.gz	/home/vince395/gwas_human2mouse/downloads/GCST90727492/harmonised/GCST90727492.h.tsv.gz-meta.yaml
GCST90727493	kidney	Estimated glomerular filtration rate - median	GRCh38	1-based	harmonised/GCST90727493.h.tsv.gz-meta.yaml	meta:harmonised/GCST90727493.h.tsv.gz-meta.yaml; coordinate_system:1-based	South Asian	38896	Estimated glomerular filtration rate - median	ftp://ftp.ebi.ac.uk/pub/databases/gwas/summary_statistics/GCST90727001-GCST90728000/GCST90727493	harmonised/GCST90727493.h.tsv.gz	/home/vince395/gwas_human2mouse/downloads/GCST90727493/harmonised/GCST90727493.h.tsv.gz	/home/vince395/gwas_human2mouse/downloads/GCST90727493/harmonised/GCST90727493.h.tsv.gz-meta.yaml
GCST90727494	kidney	Estimated glomerular filtration rate - min	GRCh38	1-based	harmonised/GCST90727494.h.tsv.gz-meta.yaml	meta:harmonised/GCST90727494.h.tsv.gz-meta.yaml; coordinate_system:1-based	South Asian	38896	Estimated glomerular filtration rate - min	ftp://ftp.ebi.ac.uk/pub/databases/gwas/summary_statistics/GCST90727001-GCST90728000/GCST90727494	harmonised/GCST90727494.h.tsv.gz	/home/vince395/gwas_human2mouse/downloads/GCST90727494/harmonised/GCST90727494.h.tsv.gz	/home/vince395/gwas_human2mouse/downloads/GCST90727494/harmonised/GCST90727494.h.tsv.gz-meta.yaml
GCST90728352	kidney	Gestational [pregnancy-induced] oedema and proteinuria without hypertension (ICD10 O12)	GRCh38	1-based	harmonised/GCST90728352.h.tsv.gz-meta.yaml	meta:harmonised/GCST90728352.h.tsv.gz-meta.yaml; coordinate_system:1-based	South Asian	48489	Gestational [pregnancy-induced] oedema and proteinuria without hypertension (ICD10 O12)	ftp://ftp.ebi.ac.uk/pub/databases/gwas/summary_statistics/GCST90728001-GCST90729000/GCST90728352	harmonised/GCST90728352.h.tsv.gz	/home/vince395/gwas_human2mouse/downloads/GCST90728352/harmonised/GCST90728352.h.tsv.gz	/home/vince395/gwas_human2mouse/downloads/GCST90728352/harmonised/GCST90728352.h.tsv.gz-meta.yaml
GCST90728460	kidney	Microalbuminuria	GRCh38	1-based	harmonised/GCST90728460.h.tsv.gz-meta.yaml	meta:harmonised/GCST90728460.h.tsv.gz-meta.yaml; coordinate_system:1-based	South Asian	46417	Microalbuminuria	ftp://ftp.ebi.ac.uk/pub/databases/gwas/summary_statistics/GCST90728001-GCST90729000/GCST90728460	harmonised/GCST90728460.h.tsv.gz	/home/vince395/gwas_human2mouse/downloads/GCST90728460/harmonised/GCST90728460.h.tsv.gz	/home/vince395/gwas_human2mouse/downloads/GCST90728460/harmonised/GCST90728460.h.tsv.gz-meta.yaml
GCST90728465	kidney	Proteinuria	GRCh38	1-based	harmonised/GCST90728465.h.tsv.gz-meta.yaml	meta:harmonised/GCST90728465.h.tsv.gz-meta.yaml; coordinate_system:1-based	South Asian	46417	Proteinuria	ftp://ftp.ebi.ac.uk/pub/databases/gwas/summary_statistics/GCST90728001-GCST90729000/GCST90728465	harmonised/GCST90728465.h.tsv.gz	/home/vince395/gwas_human2mouse/downloads/GCST90728465/harmonised/GCST90728465.h.tsv.gz	/home/vince395/gwas_human2mouse/downloads/GCST90728465/harmonised/GCST90728465.h.tsv.gz-meta.yaml
GCST90728291	kidney	Unspecified kidney failure (ICD10 N19)	GRCh38	1-based	harmonised/GCST90728291.h.tsv.gz-meta.yaml	meta:harmonised/GCST90728291.h.tsv.gz-meta.yaml; coordinate_system:1-based	South Asian	48489	Unspecified kidney failure (ICD10 N19)	ftp://ftp.ebi.ac.uk/pub/databases/gwas/summary_statistics/GCST90728001-GCST90729000/GCST90728291	harmonised/GCST90728291.h.tsv.gz	/home/vince395/gwas_human2mouse/downloads/GCST90728291/harmonised/GCST90728291.h.tsv.gz	/home/vince395/gwas_human2mouse/downloads/GCST90728291/harmonised/GCST90728291.h.tsv.gz-meta.yaml
GCST90727717	kidney	Urine Protein:Creatinine Ratio - max	GRCh38	1-based	harmonised/GCST90727717.h.tsv.gz-meta.yaml	meta:harmonised/GCST90727717.h.tsv.gz-meta.yaml; coordinate_system:1-based	South Asian	5800	Urine Protein:Creatinine Ratio - max	ftp://ftp.ebi.ac.uk/pub/databases/gwas/summary_statistics/GCST90727001-GCST90728000/GCST90727717	harmonised/GCST90727717.h.tsv.gz	/home/vince395/gwas_human2mouse/downloads/GCST90727717/harmonised/GCST90727717.h.tsv.gz	/home/vince395/gwas_human2mouse/downloads/GCST90727717/harmonised/GCST90727717.h.tsv.gz-meta.yaml
GCST90727718	kidney	Urine Protein:Creatinine Ratio - median	GRCh38	1-based	harmonised/GCST90727718.h.tsv.gz-meta.yaml	meta:harmonised/GCST90727718.h.tsv.gz-meta.yaml; coordinate_system:1-based	South Asian	5800	Urine Protein:Creatinine Ratio - median	ftp://ftp.ebi.ac.uk/pub/databases/gwas/summary_statistics/GCST90727001-GCST90728000/GCST90727718	harmonised/GCST90727718.h.tsv.gz	/home/vince395/gwas_human2mouse/downloads/GCST90727718/harmonised/GCST90727718.h.tsv.gz	/home/vince395/gwas_human2mouse/downloads/GCST90727718/harmonised/GCST90727718.h.tsv.gz-meta.yaml
GCST90727719	kidney	Urine Protein:Creatinine Ratio - min	GRCh38	1-based	harmonised/GCST90727719.h.tsv.gz-meta.yaml	meta:harmonised/GCST90727719.h.tsv.gz-meta.yaml; coordinate_system:1-based	South Asian	5800	Urine Protein:Creatinine Ratio - min	ftp://ftp.ebi.ac.uk/pub/databases/gwas/summary_statistics/GCST90727001-GCST90728000/GCST90727719	harmonised/GCST90727719.h.tsv.gz	/home/vince395/gwas_human2mouse/downloads/GCST90727719/harmonised/GCST90727719.h.tsv.gz	/home/vince395/gwas_human2mouse/downloads/GCST90727719/harmonised/GCST90727719.h.tsv.gz-meta.yaml
GCST90727711	kidney	Urine albumin creatinine ratio - max	GRCh38	1-based	harmonised/GCST90727711.h.tsv.gz-meta.yaml	meta:harmonised/GCST90727711.h.tsv.gz-meta.yaml; coordinate_system:1-based	South Asian	13797	Urine albumin creatinine ratio - max	ftp://ftp.ebi.ac.uk/pub/databases/gwas/summary_statistics/GCST90727001-GCST90728000/GCST90727711	harmonised/GCST90727711.h.tsv.gz	/home/vince395/gwas_human2mouse/downloads/GCST90727711/harmonised/GCST90727711.h.tsv.gz	/home/vince395/gwas_human2mouse/downloads/GCST90727711/harmonised/GCST90727711.h.tsv.gz-meta.yaml
GCST90727712	kidney	Urine albumin creatinine ratio - median	GRCh38	1-based	harmonised/GCST90727712.h.tsv.gz-meta.yaml	meta:harmonised/GCST90727712.h.tsv.gz-meta.yaml; coordinate_system:1-based	South Asian	13797	Urine albumin creatinine ratio - median	ftp://ftp.ebi.ac.uk/pub/databases/gwas/summary_statistics/GCST90727001-GCST90728000/GCST90727712	harmonised/GCST90727712.h.tsv.gz	/home/vince395/gwas_human2mouse/downloads/GCST90727712/harmonised/GCST90727712.h.tsv.gz	/home/vince395/gwas_human2mouse/downloads/GCST90727712/harmonised/GCST90727712.h.tsv.gz-meta.yaml
GCST90727713	kidney	Urine albumin creatinine ratio - min	GRCh38	1-based	harmonised/GCST90727713.h.tsv.gz-meta.yaml	meta:harmonised/GCST90727713.h.tsv.gz-meta.yaml; coordinate_system:1-based	South Asian	13797	Urine albumin creatinine ratio - min	ftp://ftp.ebi.ac.uk/pub/databases/gwas/summary_statistics/GCST90727001-GCST90728000/GCST90727713	harmonised/GCST90727713.h.tsv.gz	/home/vince395/gwas_human2mouse/downloads/GCST90727713/harmonised/GCST90727713.h.tsv.gz	/home/vince395/gwas_human2mouse/downloads/GCST90727713/harmonised/GCST90727713.h.tsv.gz-meta.yaml
GCST90301198	kidney	creatinine	GRCh38	1-based	harmonised/GCST90301198.h.tsv.gz-meta.yaml	meta:harmonised/GCST90301198.h.tsv.gz-meta.yaml; coordinate_system:1-based	European	214057	creatinine	ftp://ftp.ebi.ac.uk/pub/databases/gwas/summary_statistics/GCST90301001-GCST90302000/GCST90301198	harmonised/GCST90301198.h.tsv.gz	/home/vince395/gwas_human2mouse/downloads/GCST90301198/harmonised/GCST90301198.h.tsv.gz	/home/vince395/gwas_human2mouse/downloads/GCST90301198/harmonised/GCST90301198.h.tsv.gz-meta.yaml
GCST90301199	kidney	creatinine	GRCh38	1-based	harmonised/GCST90301199.h.tsv.gz-meta.yaml	meta:harmonised/GCST90301199.h.tsv.gz-meta.yaml; coordinate_system:1-based	European	213874	creatinine	ftp://ftp.ebi.ac.uk/pub/databases/gwas/summary_statistics/GCST90301001-GCST90302000/GCST90301199	harmonised/GCST90301199.h.tsv.gz	/home/vince395/gwas_human2mouse/downloads/GCST90301199/harmonised/GCST90301199.h.tsv.gz	/home/vince395/gwas_human2mouse/downloads/GCST90301199/harmonised/GCST90301199.h.tsv.gz-meta.yaml
GCST90302187	kidney	membranous nephropathy	unknown	1-based		no_meta_build; coordinate_system_defaulted_to_1-based				ftp://ftp.ebi.ac.uk/pub/databases/gwas/summary_statistics/GCST90302001-GCST90303000/GCST90302187	readme.txt		
GCST90316497	kidney	urine protein /creatin ratio	GRCh38	1-based	harmonised/GCST90316497.h.tsv.gz-meta.yaml	meta:harmonised/GCST90316497.h.tsv.gz-meta.yaml; coordinate_system:1-based	African American or Afro-Caribbean	138	urine protein /creatin ratio	ftp://ftp.ebi.ac.uk/pub/databases/gwas/summary_statistics/GCST90316001-GCST90317000/GCST90316497	harmonised/GCST90316497.h.tsv.gz	/home/vince395/gwas_human2mouse/downloads/GCST90316497/harmonised/GCST90316497.h.tsv.gz	/home/vince395/gwas_human2mouse/downloads/GCST90316497/harmonised/GCST90316497.h.tsv.gz-meta.yaml
