study_accession	category	trait_name	source_path	data_file_name	download_status	file_format_guess	local_files_downloaded	file_size	source_type	notes
GCST90267331	comparator	BMI	ftp://ftp.ebi.ac.uk/pub/databases/gwas/summary_statistics/GCST90267001-GCST90268000/GCST90267331		unavailable				unavailable	No downloadable association table found
GCST90267332	comparator	BMI	ftp://ftp.ebi.ac.uk/pub/databases/gwas/summary_statistics/GCST90267001-GCST90268000/GCST90267332		unavailable				unavailable	No downloadable association table found
GCST90268031	comparator	BMI	ftp://ftp.ebi.ac.uk/pub/databases/gwas/summary_statistics/GCST90268001-GCST90269000/GCST90268031	GCST90268031.tsv.gz	available	gz	GCST90268031.tsv.gz; GCST90268031.tsv.gz-meta.yaml; md5sum.txt	81M	full_summary_stats	total_rows_scanned=4113630;primary=14810;secondary=9857;normalized_retained=24662;build_conversion=liftOver_hg19ToHg38;conversion_status=lifted
GCST90268032	comparator	BMI	ftp://ftp.ebi.ac.uk/pub/databases/gwas/summary_statistics/GCST90268001-GCST90269000/GCST90268032	GCST90268032.tsv.gz	available	gz	GCST90268032.tsv.gz; GCST90268032.tsv.gz-meta.yaml; md5sum.txt	47M	full_summary_stats	total_rows_scanned=2280806;primary=11469;secondary=7788;normalized_retained=19253;build_conversion=liftOver_hg19ToHg38;conversion_status=lifted
GCST90444285	comparator	Body Mass Index	ftp://ftp.ebi.ac.uk/pub/databases/gwas/summary_statistics/GCST90444001-GCST90445000/GCST90444285	harmonised/GCST90444285.h.tsv.gz	available	gz	harmonised/GCST90444285.h.tsv.gz; harmonised/GCST90444285.h.tsv.gz-meta.yaml; md5sum.txt; harmonised/md5sum.txt	27M	harmonised_api	total_rows_scanned=575856;primary=199;secondary=132;normalized_retained=331;build_conversion=none_needed;conversion_status=retained
GCST90444306	comparator	Body Mass Index	ftp://ftp.ebi.ac.uk/pub/databases/gwas/summary_statistics/GCST90444001-GCST90445000/GCST90444306	harmonised/GCST90444306.h.tsv.gz	available	gz	harmonised/GCST90444306.h.tsv.gz; harmonised/GCST90444306.h.tsv.gz-meta.yaml; md5sum.txt; harmonised/md5sum.txt	27M	harmonised_api	total_rows_scanned=585975;primary=86;secondary=41;normalized_retained=127;build_conversion=none_needed;conversion_status=retained
GCST90444328	comparator	Body Mass Index	ftp://ftp.ebi.ac.uk/pub/databases/gwas/summary_statistics/GCST90444001-GCST90445000/GCST90444328	harmonised/GCST90444328.h.tsv.gz	available	gz	harmonised/GCST90444328.h.tsv.gz; harmonised/GCST90444328.h.tsv.gz-meta.yaml; md5sum.txt; harmonised/md5sum.txt	27M	harmonised_api	total_rows_scanned=589768;primary=39;secondary=39;normalized_retained=78;build_conversion=none_needed;conversion_status=retained
GCST90826151	comparator	Body mass index (BMI)	ftp://ftp.ebi.ac.uk/pub/databases/gwas/summary_statistics/GCST90826001-GCST90827000/GCST90826151	GCST90826151.tsv.gz	available	gz	GCST90826151.tsv.gz; GCST90826151.tsv.gz-meta.yaml; md5sum.txt	13K	full_summary_stats	total_rows_scanned=884;primary=884;secondary=0;normalized_retained=884;build_conversion=none_needed;conversion_status=retained
GCST90826182	comparator	Body mass index (BMI)	ftp://ftp.ebi.ac.uk/pub/databases/gwas/summary_statistics/GCST90826001-GCST90827000/GCST90826182	GCST90826182.tsv.gz	available	gz	GCST90826182.tsv.gz; GCST90826182.tsv.gz-meta.yaml; md5sum.txt	13K	full_summary_stats	total_rows_scanned=913;primary=913;secondary=0;normalized_retained=913;build_conversion=none_needed;conversion_status=retained
GCST90727459	comparator	Body mass index - max	ftp://ftp.ebi.ac.uk/pub/databases/gwas/summary_statistics/GCST90727001-GCST90728000/GCST90727459	harmonised/GCST90727459.h.tsv.gz	available	gz	harmonised/GCST90727459.h.tsv.gz; harmonised/GCST90727459.h.tsv.gz-meta.yaml; md5sum.txt; harmonised/md5sum.txt	1.1G	harmonised_api	total_rows_scanned=30310183;primary=679;secondary=342;normalized_retained=1021;build_conversion=none_needed;conversion_status=retained
GCST90727460	comparator	Body mass index - median	ftp://ftp.ebi.ac.uk/pub/databases/gwas/summary_statistics/GCST90727001-GCST90728000/GCST90727460	harmonised/GCST90727460.h.tsv.gz	available	gz	harmonised/GCST90727460.h.tsv.gz; harmonised/GCST90727460.h.tsv.gz-meta.yaml; md5sum.txt; harmonised/md5sum.txt	1.1G	harmonised_api	total_rows_scanned=30310183;primary=722;secondary=348;normalized_retained=1070;build_conversion=none_needed;conversion_status=retained
GCST90727461	comparator	Body mass index - min	ftp://ftp.ebi.ac.uk/pub/databases/gwas/summary_statistics/GCST90727001-GCST90728000/GCST90727461	harmonised/GCST90727461.h.tsv.gz	available	gz	harmonised/GCST90727461.h.tsv.gz; harmonised/GCST90727461.h.tsv.gz-meta.yaml; md5sum.txt; harmonised/md5sum.txt	1.1G	harmonised_api	total_rows_scanned=30310183;primary=651;secondary=245;normalized_retained=896;build_conversion=none_needed;conversion_status=retained
GCST90728446	comparator	Body mass index >= 30 without an associated BMI value (Quality and Outcomes Framework codes)	ftp://ftp.ebi.ac.uk/pub/databases/gwas/summary_statistics/GCST90728001-GCST90729000/GCST90728446	harmonised/GCST90728446.h.tsv.gz	available	gz	harmonised/GCST90728446.h.tsv.gz; harmonised/GCST90728446.h.tsv.gz-meta.yaml; md5sum.txt; harmonised/md5sum.txt	1.1G	harmonised_api	total_rows_scanned=30357298;primary=0;secondary=33;normalized_retained=33;build_conversion=none_needed;conversion_status=retained
GCST90104677	comparator	Childhood body mass index	ftp://ftp.ebi.ac.uk/pub/databases/gwas/summary_statistics/GCST90104001-GCST90105000/GCST90104677	harmonised/GCST90104677.h.tsv.gz	available	gz	harmonised/GCST90104677.h.tsv.gz; harmonised/GCST90104677.h.tsv.gz-meta.yaml; md5sum.txt; harmonised/md5sum.txt; README.txt	156M	harmonised_api	total_rows_scanned=7221917;primary=88;secondary=73;normalized_retained=161;build_conversion=none_needed;conversion_status=retained
GCST90104684	comparator	Childhood diastolic blood pressure	ftp://ftp.ebi.ac.uk/pub/databases/gwas/summary_statistics/GCST90104001-GCST90105000/GCST90104684	harmonised/GCST90104684.h.tsv.gz	available	gz	harmonised/GCST90104684.h.tsv.gz; harmonised/GCST90104684.h.tsv.gz-meta.yaml; md5sum.txt; harmonised/md5sum.txt; README.txt	157M	harmonised_api	total_rows_scanned=7221918;primary=9;secondary=6;normalized_retained=15;build_conversion=none_needed;conversion_status=retained
GCST90104683	comparator	Childhood systolic blood pressure	ftp://ftp.ebi.ac.uk/pub/databases/gwas/summary_statistics/GCST90104001-GCST90105000/GCST90104683	harmonised/GCST90104683.h.tsv.gz	available	gz	harmonised/GCST90104683.h.tsv.gz; harmonised/GCST90104683.h.tsv.gz-meta.yaml; md5sum.txt; harmonised/md5sum.txt; README.txt	157M	harmonised_api	total_rows_scanned=7221918;primary=0;secondary=64;normalized_retained=64;build_conversion=none_needed;conversion_status=retained
GCST90728432	comparator	Coronary Artery Disease (PRIMED consortium definition)	ftp://ftp.ebi.ac.uk/pub/databases/gwas/summary_statistics/GCST90728001-GCST90729000/GCST90728432	harmonised/GCST90728432.h.tsv.gz	available	gz	harmonised/GCST90728432.h.tsv.gz; harmonised/GCST90728432.h.tsv.gz-meta.yaml; md5sum.txt; harmonised/md5sum.txt	1.1G	harmonised_api	total_rows_scanned=30357298;primary=4;secondary=26;normalized_retained=30;build_conversion=none_needed;conversion_status=retained
GCST90727951	comparator	Coronary Artery Disease - broad	ftp://ftp.ebi.ac.uk/pub/databases/gwas/summary_statistics/GCST90727001-GCST90728000/GCST90727951	harmonised/GCST90727951.h.tsv.gz	available	gz	harmonised/GCST90727951.h.tsv.gz; harmonised/GCST90727951.h.tsv.gz-meta.yaml; md5sum.txt; harmonised/md5sum.txt	1.1G	harmonised_api	total_rows_scanned=30357298;primary=1;secondary=47;normalized_retained=48;build_conversion=none_needed;conversion_status=retained
GCST90727950	comparator	Coronary Artery Disease - narrow	ftp://ftp.ebi.ac.uk/pub/databases/gwas/summary_statistics/GCST90727001-GCST90728000/GCST90727950	harmonised/GCST90727950.h.tsv.gz	available	gz	harmonised/GCST90727950.h.tsv.gz; harmonised/GCST90727950.h.tsv.gz-meta.yaml; md5sum.txt; harmonised/md5sum.txt	1.1G	harmonised_api	total_rows_scanned=30357298;primary=1;secondary=27;normalized_retained=28;build_conversion=none_needed;conversion_status=retained
GCST90827313	comparator	Diagnoses - ICD10; E66 Obesity	ftp://ftp.ebi.ac.uk/pub/databases/gwas/summary_statistics/GCST90827001-GCST90828000/GCST90827313	GCST90827313.tsv.gz	available	gz	GCST90827313.tsv.gz; GCST90827313.tsv.gz-meta.yaml; md5sum.txt	2.9K	full_summary_stats	total_rows_scanned=181;primary=181;secondary=0;normalized_retained=181;build_conversion=none_needed;conversion_status=retained
GCST90827311	comparator	Diagnoses - ICD10; E66.8 Other obesity	ftp://ftp.ebi.ac.uk/pub/databases/gwas/summary_statistics/GCST90827001-GCST90828000/GCST90827311	GCST90827311.tsv.gz	available	gz	GCST90827311.tsv.gz; GCST90827311.tsv.gz-meta.yaml; md5sum.txt	2.1K	full_summary_stats	total_rows_scanned=114;primary=114;secondary=0;normalized_retained=114;build_conversion=none_needed;conversion_status=retained
GCST90827312	comparator	Diagnoses - ICD10; E66.9 Obesity, unspecified	ftp://ftp.ebi.ac.uk/pub/databases/gwas/summary_statistics/GCST90827001-GCST90828000/GCST90827312	GCST90827312.tsv.gz	available	gz	GCST90827312.tsv.gz; GCST90827312.tsv.gz-meta.yaml; md5sum.txt	1.5K	full_summary_stats	total_rows_scanned=81;primary=81;secondary=0;normalized_retained=81;build_conversion=none_needed;conversion_status=retained
GCST90827341	comparator	Diagnoses - ICD10; I10 Essential (primary) hypertension	ftp://ftp.ebi.ac.uk/pub/databases/gwas/summary_statistics/GCST90827001-GCST90828000/GCST90827341	GCST90827341.tsv.gz	available	gz	GCST90827341.tsv.gz; GCST90827341.tsv.gz-meta.yaml; md5sum.txt	505	full_summary_stats	total_rows_scanned=16;primary=16;secondary=0;normalized_retained=16;build_conversion=none_needed;conversion_status=retained
GCST90827412	comparator	Diagnoses - ICD10; M10 Gout	ftp://ftp.ebi.ac.uk/pub/databases/gwas/summary_statistics/GCST90827001-GCST90828000/GCST90827412	GCST90827412.tsv.gz	available	gz	GCST90827412.tsv.gz; GCST90827412.tsv.gz-meta.yaml; md5sum.txt	503	full_summary_stats	total_rows_scanned=22;primary=22;secondary=0;normalized_retained=22;build_conversion=none_needed;conversion_status=retained
GCST90827411	comparator	Diagnoses - ICD10; M10.9 Gout, unspecified	ftp://ftp.ebi.ac.uk/pub/databases/gwas/summary_statistics/GCST90827001-GCST90828000/GCST90827411	GCST90827411.tsv.gz	available	gz	GCST90827411.tsv.gz; GCST90827411.tsv.gz-meta.yaml; md5sum.txt	384	full_summary_stats	total_rows_scanned=11;primary=11;secondary=0;normalized_retained=11;build_conversion=none_needed;conversion_status=retained
GCST90444287	comparator	Diastolic Blood Pressure	ftp://ftp.ebi.ac.uk/pub/databases/gwas/summary_statistics/GCST90444001-GCST90445000/GCST90444287	harmonised/GCST90444287.h.tsv.gz	available	gz	harmonised/GCST90444287.h.tsv.gz; harmonised/GCST90444287.h.tsv.gz-meta.yaml; md5sum.txt; harmonised/md5sum.txt	26M	harmonised_api	total_rows_scanned=575856;primary=0;secondary=14;normalized_retained=14;build_conversion=none_needed;conversion_status=retained
GCST90444308	comparator	Diastolic Blood Pressure	ftp://ftp.ebi.ac.uk/pub/databases/gwas/summary_statistics/GCST90444001-GCST90445000/GCST90444308	harmonised/GCST90444308.h.tsv.gz	available	gz	harmonised/GCST90444308.h.tsv.gz; harmonised/GCST90444308.h.tsv.gz-meta.yaml; md5sum.txt; harmonised/md5sum.txt	27M	harmonised_api	total_rows_scanned=585975;primary=1;secondary=4;normalized_retained=5;build_conversion=none_needed;conversion_status=retained
GCST90444330	comparator	Diastolic Blood Pressure	ftp://ftp.ebi.ac.uk/pub/databases/gwas/summary_statistics/GCST90444001-GCST90445000/GCST90444330	harmonised/GCST90444330.h.tsv.gz	available	gz	harmonised/GCST90444330.h.tsv.gz; harmonised/GCST90444330.h.tsv.gz-meta.yaml; md5sum.txt; harmonised/md5sum.txt	27M	harmonised_api	total_rows_scanned=589768;primary=1;secondary=2;normalized_retained=3;build_conversion=none_needed;conversion_status=retained
GCST90727486	comparator	Diastolic blood pressure - max	ftp://ftp.ebi.ac.uk/pub/databases/gwas/summary_statistics/GCST90727001-GCST90728000/GCST90727486	harmonised/GCST90727486.h.tsv.gz	available	gz	harmonised/GCST90727486.h.tsv.gz; harmonised/GCST90727486.h.tsv.gz-meta.yaml; md5sum.txt; harmonised/md5sum.txt	1.1G	harmonised_api	total_rows_scanned=30331907;primary=133;secondary=158;normalized_retained=291;build_conversion=none_needed;conversion_status=retained
GCST90727487	comparator	Diastolic blood pressure - median	ftp://ftp.ebi.ac.uk/pub/databases/gwas/summary_statistics/GCST90727001-GCST90728000/GCST90727487	harmonised/GCST90727487.h.tsv.gz	available	gz	harmonised/GCST90727487.h.tsv.gz; harmonised/GCST90727487.h.tsv.gz-meta.yaml; md5sum.txt; harmonised/md5sum.txt	1.1G	harmonised_api	total_rows_scanned=30331907;primary=245;secondary=214;normalized_retained=459;build_conversion=none_needed;conversion_status=retained
GCST90727488	comparator	Diastolic blood pressure - min	ftp://ftp.ebi.ac.uk/pub/databases/gwas/summary_statistics/GCST90727001-GCST90728000/GCST90727488	harmonised/GCST90727488.h.tsv.gz	available	gz	harmonised/GCST90727488.h.tsv.gz; harmonised/GCST90727488.h.tsv.gz-meta.yaml; md5sum.txt; harmonised/md5sum.txt	1.1G	harmonised_api	total_rows_scanned=30331907;primary=4;secondary=41;normalized_retained=45;build_conversion=none_needed;conversion_status=retained
GCST90827250	comparator	Diastolic blood pressure, automated reading	ftp://ftp.ebi.ac.uk/pub/databases/gwas/summary_statistics/GCST90827001-GCST90828000/GCST90827250	GCST90827250.tsv.gz	available	gz	GCST90827250.tsv.gz; GCST90827250.tsv.gz-meta.yaml; md5sum.txt	306	full_summary_stats	total_rows_scanned=5;primary=5;secondary=0;normalized_retained=5;build_conversion=none_needed;conversion_status=retained
GCST90728040	comparator	Essential (ICD10 primary) hypertension (ICD10 I10)	ftp://ftp.ebi.ac.uk/pub/databases/gwas/summary_statistics/GCST90728001-GCST90729000/GCST90728040	harmonised/GCST90728040.h.tsv.gz	available	gz	harmonised/GCST90728040.h.tsv.gz; harmonised/GCST90728040.h.tsv.gz-meta.yaml; md5sum.txt; harmonised/md5sum.txt	1.1G	harmonised_api	total_rows_scanned=30357869;primary=0;secondary=46;normalized_retained=46;build_conversion=none_needed;conversion_status=retained
GCST90727966	comparator	Essential Hypertension	ftp://ftp.ebi.ac.uk/pub/databases/gwas/summary_statistics/GCST90727001-GCST90728000/GCST90727966	harmonised/GCST90727966.h.tsv.gz	available	gz	harmonised/GCST90727966.h.tsv.gz; harmonised/GCST90727966.h.tsv.gz-meta.yaml; md5sum.txt; harmonised/md5sum.txt	1.1G	harmonised_api	total_rows_scanned=30357298;primary=48;secondary=46;normalized_retained=94;build_conversion=none_needed;conversion_status=retained
GCST90826018	comparator	Ever had gout	ftp://ftp.ebi.ac.uk/pub/databases/gwas/summary_statistics/GCST90826001-GCST90827000/GCST90826018	GCST90826018.tsv.gz	available	gz	GCST90826018.tsv.gz; GCST90826018.tsv.gz-meta.yaml; md5sum.txt	420	full_summary_stats	total_rows_scanned=18;primary=18;secondary=0;normalized_retained=18;build_conversion=none_needed;conversion_status=retained
GCST90444290	comparator	Glycated Hemoglobin	ftp://ftp.ebi.ac.uk/pub/databases/gwas/summary_statistics/GCST90444001-GCST90445000/GCST90444290	harmonised/GCST90444290.h.tsv.gz	available	gz	harmonised/GCST90444290.h.tsv.gz; harmonised/GCST90444290.h.tsv.gz-meta.yaml; md5sum.txt; harmonised/md5sum.txt	27M	harmonised_api	total_rows_scanned=575856;primary=216;secondary=117;normalized_retained=333;build_conversion=none_needed;conversion_status=retained
GCST90444312	comparator	Glycated Hemoglobin	ftp://ftp.ebi.ac.uk/pub/databases/gwas/summary_statistics/GCST90444001-GCST90445000/GCST90444312	harmonised/GCST90444312.h.tsv.gz	available	gz	harmonised/GCST90444312.h.tsv.gz; harmonised/GCST90444312.h.tsv.gz-meta.yaml; md5sum.txt; harmonised/md5sum.txt	27M	harmonised_api	total_rows_scanned=585975;primary=82;secondary=27;normalized_retained=109;build_conversion=none_needed;conversion_status=retained
GCST90444333	comparator	Glycated Hemoglobin	ftp://ftp.ebi.ac.uk/pub/databases/gwas/summary_statistics/GCST90444001-GCST90445000/GCST90444333	harmonised/GCST90444333.h.tsv.gz	available	gz	harmonised/GCST90444333.h.tsv.gz; harmonised/GCST90444333.h.tsv.gz-meta.yaml; md5sum.txt; harmonised/md5sum.txt	25M	harmonised_api	total_rows_scanned=589768;primary=55;secondary=53;normalized_retained=108;build_conversion=none_needed;conversion_status=retained
GCST90826001	comparator	Glycated haemoglobin (HbA1c)	ftp://ftp.ebi.ac.uk/pub/databases/gwas/summary_statistics/GCST90826001-GCST90827000/GCST90826001	GCST90826001.tsv.gz	available	gz	GCST90826001.tsv.gz; GCST90826001.tsv.gz-meta.yaml; md5sum.txt	410	full_summary_stats	total_rows_scanned=11;primary=11;secondary=0;normalized_retained=11;build_conversion=none_needed;conversion_status=retained
GCST90827198	comparator	Glycated haemoglobin (HbA1c)	ftp://ftp.ebi.ac.uk/pub/databases/gwas/summary_statistics/GCST90827001-GCST90828000/GCST90827198	GCST90827198.tsv.gz	available	gz	GCST90827198.tsv.gz; GCST90827198.tsv.gz-meta.yaml; md5sum.txt	4.8K	full_summary_stats	total_rows_scanned=321;primary=321;secondary=0;normalized_retained=321;build_conversion=none_needed;conversion_status=retained
GCST90727958	comparator	Gout (GlobalBiobankMetaAnalysis codelist)	ftp://ftp.ebi.ac.uk/pub/databases/gwas/summary_statistics/GCST90727001-GCST90728000/GCST90727958	harmonised/GCST90727958.h.tsv.gz	available	gz	harmonised/GCST90727958.h.tsv.gz; harmonised/GCST90727958.h.tsv.gz-meta.yaml; md5sum.txt; harmonised/md5sum.txt	1.1G	harmonised_api	total_rows_scanned=30357298;primary=132;secondary=176;normalized_retained=308;build_conversion=none_needed;conversion_status=retained
GCST90728236	comparator	Gout (ICD10 M10)	ftp://ftp.ebi.ac.uk/pub/databases/gwas/summary_statistics/GCST90728001-GCST90729000/GCST90728236	harmonised/GCST90728236.h.tsv.gz	available	gz	harmonised/GCST90728236.h.tsv.gz; harmonised/GCST90728236.h.tsv.gz-meta.yaml; md5sum.txt; harmonised/md5sum.txt	1.1G	harmonised_api	total_rows_scanned=30357869;primary=39;secondary=26;normalized_retained=65;build_conversion=none_needed;conversion_status=retained
GCST90727981	comparator	Gout (MULTIPLY codelist)	ftp://ftp.ebi.ac.uk/pub/databases/gwas/summary_statistics/GCST90727001-GCST90728000/GCST90727981	harmonised/GCST90727981.h.tsv.gz	available	gz	harmonised/GCST90727981.h.tsv.gz; harmonised/GCST90727981.h.tsv.gz-meta.yaml; md5sum.txt; harmonised/md5sum.txt	1.1G	harmonised_api	total_rows_scanned=30357298;primary=126;secondary=173;normalized_retained=299;build_conversion=none_needed;conversion_status=retained
GCST90727540	comparator	Haemoglobin A1c (just mmol/L) - max	ftp://ftp.ebi.ac.uk/pub/databases/gwas/summary_statistics/GCST90727001-GCST90728000/GCST90727540	harmonised/GCST90727540.h.tsv.gz	available	gz	harmonised/GCST90727540.h.tsv.gz; harmonised/GCST90727540.h.tsv.gz-meta.yaml; md5sum.txt; harmonised/md5sum.txt	1.1G	harmonised_api	total_rows_scanned=30289557;primary=767;secondary=393;normalized_retained=1160;build_conversion=none_needed;conversion_status=retained
GCST90727541	comparator	Haemoglobin A1c (just mmol/L) - median	ftp://ftp.ebi.ac.uk/pub/databases/gwas/summary_statistics/GCST90727001-GCST90728000/GCST90727541	harmonised/GCST90727541.h.tsv.gz	available	gz	harmonised/GCST90727541.h.tsv.gz; harmonised/GCST90727541.h.tsv.gz-meta.yaml; md5sum.txt; harmonised/md5sum.txt	1.1G	harmonised_api	total_rows_scanned=30289557;primary=897;secondary=670;normalized_retained=1567;build_conversion=none_needed;conversion_status=retained
GCST90727542	comparator	Haemoglobin A1c (just mmol/L) - min	ftp://ftp.ebi.ac.uk/pub/databases/gwas/summary_statistics/GCST90727001-GCST90728000/GCST90727542	harmonised/GCST90727542.h.tsv.gz	available	gz	harmonised/GCST90727542.h.tsv.gz; harmonised/GCST90727542.h.tsv.gz-meta.yaml; md5sum.txt; harmonised/md5sum.txt	1.1G	harmonised_api	total_rows_scanned=30289557;primary=987;secondary=462;normalized_retained=1449;build_conversion=none_needed;conversion_status=retained
GCST90728034	comparator	Hypertension (MULTIPLY codelist)	ftp://ftp.ebi.ac.uk/pub/databases/gwas/summary_statistics/GCST90728001-GCST90729000/GCST90728034	harmonised/GCST90728034.h.tsv.gz	available	gz	harmonised/GCST90728034.h.tsv.gz; harmonised/GCST90728034.h.tsv.gz-meta.yaml; md5sum.txt; harmonised/md5sum.txt	1.1G	harmonised_api	total_rows_scanned=30357298;primary=38;secondary=50;normalized_retained=88;build_conversion=none_needed;conversion_status=retained
GCST90728030	comparator	Hypertension all types (MGH definition)	ftp://ftp.ebi.ac.uk/pub/databases/gwas/summary_statistics/GCST90728001-GCST90729000/GCST90728030	harmonised/GCST90728030.h.tsv.gz	available	gz	harmonised/GCST90728030.h.tsv.gz; harmonised/GCST90728030.h.tsv.gz-meta.yaml; md5sum.txt; harmonised/md5sum.txt	1.1G	harmonised_api	total_rows_scanned=30357298;primary=49;secondary=68;normalized_retained=117;build_conversion=none_needed;conversion_status=retained
GCST90728458	comparator	Hypertension diagnosis (Quality and Outcomes Framework codes)	ftp://ftp.ebi.ac.uk/pub/databases/gwas/summary_statistics/GCST90728001-GCST90729000/GCST90728458	harmonised/GCST90728458.h.tsv.gz	available	gz	harmonised/GCST90728458.h.tsv.gz; harmonised/GCST90728458.h.tsv.gz-meta.yaml; md5sum.txt; harmonised/md5sum.txt	1.1G	harmonised_api	total_rows_scanned=30357298;primary=40;secondary=80;normalized_retained=120;build_conversion=none_needed;conversion_status=retained
GCST90826070	comparator	Non-cancer illness code, self-reported; gout	ftp://ftp.ebi.ac.uk/pub/databases/gwas/summary_statistics/GCST90826001-GCST90827000/GCST90826070	GCST90826070.tsv.gz	available	gz	GCST90826070.tsv.gz; GCST90826070.tsv.gz-meta.yaml; md5sum.txt	449	full_summary_stats	total_rows_scanned=20;primary=20;secondary=0;normalized_retained=20;build_conversion=none_needed;conversion_status=retained
GCST90826053	comparator	Non-cancer illness code, self-reported; hypertension	ftp://ftp.ebi.ac.uk/pub/databases/gwas/summary_statistics/GCST90826001-GCST90827000/GCST90826053	GCST90826053.tsv.gz	available	gz	GCST90826053.tsv.gz; GCST90826053.tsv.gz-meta.yaml; md5sum.txt	357	full_summary_stats	total_rows_scanned=8;primary=8;secondary=0;normalized_retained=8;build_conversion=none_needed;conversion_status=retained
GCST90727872	comparator	Obesity (ICD10 E66)	ftp://ftp.ebi.ac.uk/pub/databases/gwas/summary_statistics/GCST90727001-GCST90728000/GCST90727872	harmonised/GCST90727872.h.tsv.gz	available	gz	harmonised/GCST90727872.h.tsv.gz; harmonised/GCST90727872.h.tsv.gz-meta.yaml; md5sum.txt; harmonised/md5sum.txt	1.1G	harmonised_api	total_rows_scanned=30357869;primary=37;secondary=197;normalized_retained=234;build_conversion=none_needed;conversion_status=retained
GCST90728401	comparator	Obesity (MULTIPLY codelist)	ftp://ftp.ebi.ac.uk/pub/databases/gwas/summary_statistics/GCST90728001-GCST90729000/GCST90728401	harmonised/GCST90728401.h.tsv.gz	available	gz	harmonised/GCST90728401.h.tsv.gz; harmonised/GCST90728401.h.tsv.gz-meta.yaml; md5sum.txt; harmonised/md5sum.txt	1.1G	harmonised_api	total_rows_scanned=30357298;primary=9;secondary=103;normalized_retained=112;build_conversion=none_needed;conversion_status=retained
GCST90444296	comparator	Systolic Blood Pressure	ftp://ftp.ebi.ac.uk/pub/databases/gwas/summary_statistics/GCST90444001-GCST90445000/GCST90444296	harmonised/GCST90444296.h.tsv.gz	available	gz	harmonised/GCST90444296.h.tsv.gz; harmonised/GCST90444296.h.tsv.gz-meta.yaml; md5sum.txt; harmonised/md5sum.txt	26M	harmonised_api	total_rows_scanned=575856;primary=0;secondary=10;normalized_retained=10;build_conversion=none_needed;conversion_status=retained
GCST90444318	comparator	Systolic Blood Pressure	ftp://ftp.ebi.ac.uk/pub/databases/gwas/summary_statistics/GCST90444001-GCST90445000/GCST90444318	harmonised/GCST90444318.h.tsv.gz	available	gz	harmonised/GCST90444318.h.tsv.gz; harmonised/GCST90444318.h.tsv.gz-meta.yaml; md5sum.txt; harmonised/md5sum.txt	27M	harmonised_api	total_rows_scanned=585975;primary=0;secondary=5;normalized_retained=5;build_conversion=none_needed;conversion_status=retained
GCST90444339	comparator	Systolic Blood Pressure	ftp://ftp.ebi.ac.uk/pub/databases/gwas/summary_statistics/GCST90444001-GCST90445000/GCST90444339	harmonised/GCST90444339.h.tsv.gz	available	gz	harmonised/GCST90444339.h.tsv.gz; harmonised/GCST90444339.h.tsv.gz-meta.yaml; md5sum.txt; harmonised/md5sum.txt	27M	harmonised_api	total_rows_scanned=589768;primary=1;secondary=2;normalized_retained=3;build_conversion=none_needed;conversion_status=retained
GCST90727681	comparator	Systolic blood pressure - max	ftp://ftp.ebi.ac.uk/pub/databases/gwas/summary_statistics/GCST90727001-GCST90728000/GCST90727681	harmonised/GCST90727681.h.tsv.gz	available	gz	harmonised/GCST90727681.h.tsv.gz; harmonised/GCST90727681.h.tsv.gz-meta.yaml; md5sum.txt; harmonised/md5sum.txt	1.1G	harmonised_api	total_rows_scanned=30331954;primary=93;secondary=388;normalized_retained=481;build_conversion=none_needed;conversion_status=retained
GCST90727682	comparator	Systolic blood pressure - median	ftp://ftp.ebi.ac.uk/pub/databases/gwas/summary_statistics/GCST90727001-GCST90728000/GCST90727682	harmonised/GCST90727682.h.tsv.gz	available	gz	harmonised/GCST90727682.h.tsv.gz; harmonised/GCST90727682.h.tsv.gz-meta.yaml; md5sum.txt; harmonised/md5sum.txt	1.1G	harmonised_api	total_rows_scanned=30331954;primary=233;secondary=490;normalized_retained=723;build_conversion=none_needed;conversion_status=retained
GCST90727683	comparator	Systolic blood pressure - min	ftp://ftp.ebi.ac.uk/pub/databases/gwas/summary_statistics/GCST90727001-GCST90728000/GCST90727683	harmonised/GCST90727683.h.tsv.gz	available	gz	harmonised/GCST90727683.h.tsv.gz; harmonised/GCST90727683.h.tsv.gz-meta.yaml; md5sum.txt; harmonised/md5sum.txt	1.1G	harmonised_api	total_rows_scanned=30331954;primary=30;secondary=108;normalized_retained=138;build_conversion=none_needed;conversion_status=retained
GCST90827251	comparator	Systolic blood pressure, automated reading	ftp://ftp.ebi.ac.uk/pub/databases/gwas/summary_statistics/GCST90827001-GCST90828000/GCST90827251	GCST90827251.tsv.gz	available	gz	GCST90827251.tsv.gz; GCST90827251.tsv.gz-meta.yaml; md5sum.txt	627	full_summary_stats	total_rows_scanned=26;primary=26;secondary=0;normalized_retained=26;build_conversion=none_needed;conversion_status=retained
GCST90727955	comparator	Type 2 Diabetes (GenomicsPLC codelist)	ftp://ftp.ebi.ac.uk/pub/databases/gwas/summary_statistics/GCST90727001-GCST90728000/GCST90727955	harmonised/GCST90727955.h.tsv.gz	available	gz	harmonised/GCST90727955.h.tsv.gz; harmonised/GCST90727955.h.tsv.gz-meta.yaml; md5sum.txt; harmonised/md5sum.txt	1.1G	harmonised_api	total_rows_scanned=30357298;primary=453;secondary=350;normalized_retained=803;build_conversion=none_needed;conversion_status=retained
GCST90728496	comparator	Type 2 Diabetes (MULTIPLY codelist)	ftp://ftp.ebi.ac.uk/pub/databases/gwas/summary_statistics/GCST90728001-GCST90729000/GCST90728496	harmonised/GCST90728496.h.tsv.gz	available	gz	harmonised/GCST90728496.h.tsv.gz; harmonised/GCST90728496.h.tsv.gz-meta.yaml; md5sum.txt; harmonised/md5sum.txt	1.1G	harmonised_api	total_rows_scanned=30357298;primary=458;secondary=303;normalized_retained=761;build_conversion=none_needed;conversion_status=retained
GCST90727860	comparator	Type 2 diabetes mellitus (ICD10 E11)	ftp://ftp.ebi.ac.uk/pub/databases/gwas/summary_statistics/GCST90727001-GCST90728000/GCST90727860	harmonised/GCST90727860.h.tsv.gz	available	gz	harmonised/GCST90727860.h.tsv.gz; harmonised/GCST90727860.h.tsv.gz-meta.yaml; md5sum.txt; harmonised/md5sum.txt	1.1G	harmonised_api	total_rows_scanned=30357869;primary=151;secondary=170;normalized_retained=321;build_conversion=none_needed;conversion_status=retained
GCST90827215	comparator	Urate	ftp://ftp.ebi.ac.uk/pub/databases/gwas/summary_statistics/GCST90827001-GCST90828000/GCST90827215	GCST90827215.tsv.gz	available	gz	GCST90827215.tsv.gz; GCST90827215.tsv.gz-meta.yaml; md5sum.txt	2.9K	full_summary_stats	total_rows_scanned=164;primary=164;secondary=0;normalized_retained=164;build_conversion=none_needed;conversion_status=retained
GCST90726485	comparator	Urate (umol/L)	ftp://ftp.ebi.ac.uk/pub/databases/gwas/summary_statistics/GCST90726001-GCST90727000/GCST90726485	harmonised/GCST90726485.h.tsv.gz	available	gz	harmonised/GCST90726485.h.tsv.gz; harmonised/GCST90726485.h.tsv.gz-meta.yaml; md5sum.txt; harmonised/md5sum.txt	391M	harmonised_api	total_rows_scanned=9915496;primary=534;secondary=106;normalized_retained=640;build_conversion=none_needed;conversion_status=retained
GCST90726486	comparator	Urate (umol/L)	ftp://ftp.ebi.ac.uk/pub/databases/gwas/summary_statistics/GCST90726001-GCST90727000/GCST90726486	harmonised/GCST90726486.h.tsv.gz	available	gz	harmonised/GCST90726486.h.tsv.gz; harmonised/GCST90726486.h.tsv.gz-meta.yaml; md5sum.txt; harmonised/md5sum.txt	183M	harmonised_api	total_rows_scanned=6970316;primary=1;secondary=30;normalized_retained=31;build_conversion=none_needed;conversion_status=retained
GCST90727705	comparator	Urate - max	ftp://ftp.ebi.ac.uk/pub/databases/gwas/summary_statistics/GCST90727001-GCST90728000/GCST90727705	harmonised/GCST90727705.h.tsv.gz	available	gz	harmonised/GCST90727705.h.tsv.gz; harmonised/GCST90727705.h.tsv.gz-meta.yaml; md5sum.txt; harmonised/md5sum.txt	742M	harmonised_api	total_rows_scanned=21530209;primary=883;secondary=178;normalized_retained=1061;build_conversion=none_needed;conversion_status=retained
GCST90727706	comparator	Urate - median	ftp://ftp.ebi.ac.uk/pub/databases/gwas/summary_statistics/GCST90727001-GCST90728000/GCST90727706	harmonised/GCST90727706.h.tsv.gz	available	gz	harmonised/GCST90727706.h.tsv.gz; harmonised/GCST90727706.h.tsv.gz-meta.yaml; md5sum.txt; harmonised/md5sum.txt	742M	harmonised_api	total_rows_scanned=21530209;primary=866;secondary=273;normalized_retained=1139;build_conversion=none_needed;conversion_status=retained
GCST90727707	comparator	Urate - min	ftp://ftp.ebi.ac.uk/pub/databases/gwas/summary_statistics/GCST90727001-GCST90728000/GCST90727707	harmonised/GCST90727707.h.tsv.gz	available	gz	harmonised/GCST90727707.h.tsv.gz; harmonised/GCST90727707.h.tsv.gz-meta.yaml; md5sum.txt; harmonised/md5sum.txt	742M	harmonised_api	total_rows_scanned=21530209;primary=760;secondary=149;normalized_retained=909;build_conversion=none_needed;conversion_status=retained
GCST90310252	comparator	central systolic blood pressure (cSBP)	ftp://ftp.ebi.ac.uk/pub/databases/gwas/summary_statistics/GCST90310001-GCST90311000/GCST90310252	GCST90310252.tsv.gz	available	gz	GCST90310252.tsv.gz; GCST90310252.tsv.gz-meta.yaml; md5sum.txt	2.2M	full_summary_stats	total_rows_scanned=87434;primary=0;secondary=1;normalized_retained=1;build_conversion=liftOver_hg19ToHg38;conversion_status=lifted
GCST90310249	comparator	diastolicblood pressure(DBP)	ftp://ftp.ebi.ac.uk/pub/databases/gwas/summary_statistics/GCST90310001-GCST90311000/GCST90310249	GCST90310249.tsv.gz	available	gz	GCST90310249.tsv.gz; GCST90310249.tsv.gz-meta.yaml; md5sum.txt	2.2M	full_summary_stats	total_rows_scanned=87434;primary=0;secondary=2;normalized_retained=2;build_conversion=liftOver_hg19ToHg38;conversion_status=lifted
GCST90301210	comparator	hbA1c	ftp://ftp.ebi.ac.uk/pub/databases/gwas/summary_statistics/GCST90301001-GCST90302000/GCST90301210	harmonised/GCST90301210.h.tsv.gz	available	gz	harmonised/GCST90301210.h.tsv.gz; harmonised/GCST90301210.h.tsv.gz-meta.yaml; md5sum.txt; harmonised/md5sum.txt	540M	harmonised_api	total_rows_scanned=17249642;primary=40515;secondary=14512;normalized_retained=55027;build_conversion=none_needed;conversion_status=retained
GCST90301211	comparator	hbA1c	ftp://ftp.ebi.ac.uk/pub/databases/gwas/summary_statistics/GCST90301001-GCST90302000/GCST90301211	harmonised/GCST90301211.h.tsv.gz	available	gz	harmonised/GCST90301211.h.tsv.gz; harmonised/GCST90301211.h.tsv.gz-meta.yaml; md5sum.txt; harmonised/md5sum.txt	540M	harmonised_api	total_rows_scanned=17249642;primary=43851;secondary=14063;normalized_retained=57914;build_conversion=none_needed;conversion_status=retained
GCST90370243	comparator	in-silico score for coronary artery disease	ftp://ftp.ebi.ac.uk/pub/databases/gwas/summary_statistics/GCST90370001-GCST90371000/GCST90370243	GCST90370243.tsv.gz	available	gz	GCST90370243.tsv.gz; GCST90370243.tsv.gz-meta.yaml; md5sum.txt	72M	full_summary_stats	total_rows_scanned=2738834;primary=5;secondary=10;normalized_retained=15;build_conversion=none_needed;conversion_status=retained
GCST90370244	comparator	in-silico score for coronary artery disease	ftp://ftp.ebi.ac.uk/pub/databases/gwas/summary_statistics/GCST90370001-GCST90371000/GCST90370244	GCST90370244.tsv.gz	available	gz	GCST90370244.tsv.gz; GCST90370244.tsv.gz-meta.yaml; md5sum.txt	229K	full_summary_stats	total_rows_scanned=17883;primary=0;secondary=0;normalized_retained=0;build_conversion=none_needed;conversion_status=retained
GCST90310251	comparator	pulse pressure (PP)	ftp://ftp.ebi.ac.uk/pub/databases/gwas/summary_statistics/GCST90310001-GCST90311000/GCST90310251	GCST90310251.tsv.gz	available	gz	GCST90310251.tsv.gz; GCST90310251.tsv.gz-meta.yaml; md5sum.txt	2.2M	full_summary_stats	total_rows_scanned=87434;primary=0;secondary=0;normalized_retained=0;build_conversion=liftOver_hg19ToHg38;conversion_status=unmapped
GCST90164255	comparator	urate	ftp://ftp.ebi.ac.uk/pub/databases/gwas/summary_statistics/GCST90164001-GCST90165000/GCST90164255	harmonised/GCST90164255.h.tsv.gz	available	gz	harmonised/GCST90164255.h.tsv.gz; harmonised/GCST90164255.h.tsv.gz-meta.yaml; md5sum.txt; harmonised/md5sum.txt; README.txt	257M	harmonised_api	total_rows_scanned=8854232;primary=32;secondary=76;normalized_retained=108;build_conversion=none_needed;conversion_status=retained
GCST90164860	comparator	urate	ftp://ftp.ebi.ac.uk/pub/databases/gwas/summary_statistics/GCST90164001-GCST90165000/GCST90164860		unavailable				unavailable	No downloadable association table found
GCST90301232	comparator	urate	ftp://ftp.ebi.ac.uk/pub/databases/gwas/summary_statistics/GCST90301001-GCST90302000/GCST90301232	harmonised/GCST90301232.h.tsv.gz	available	gz	harmonised/GCST90301232.h.tsv.gz; harmonised/GCST90301232.h.tsv.gz-meta.yaml; md5sum.txt; harmonised/md5sum.txt	540M	harmonised_api	total_rows_scanned=17249642;primary=27020;secondary=11076;normalized_retained=38096;build_conversion=none_needed;conversion_status=retained
GCST90301233	comparator	urate	ftp://ftp.ebi.ac.uk/pub/databases/gwas/summary_statistics/GCST90301001-GCST90302000/GCST90301233	harmonised/GCST90301233.h.tsv.gz	available	gz	harmonised/GCST90301233.h.tsv.gz; harmonised/GCST90301233.h.tsv.gz-meta.yaml; md5sum.txt; harmonised/md5sum.txt	540M	harmonised_api	total_rows_scanned=17249642;primary=28613;secondary=11675;normalized_retained=40288;build_conversion=none_needed;conversion_status=retained
GCST90566356	comparator	z-score of body mass index [kg/m^2]	ftp://ftp.ebi.ac.uk/pub/databases/gwas/summary_statistics/GCST90566001-GCST90567000/GCST90566356	GCST90566356.tsv	available	tsv	GCST90566356.tsv; GCST90566356.tsv-meta.yaml; md5sum.txt	277M	full_summary_stats	total_rows_scanned=5426643;primary=0;secondary=4;normalized_retained=4;build_conversion=none_needed;conversion_status=retained
GCST90566357	comparator	z-score of diastolic blood pressure	ftp://ftp.ebi.ac.uk/pub/databases/gwas/summary_statistics/GCST90566001-GCST90567000/GCST90566357	GCST90566357.tsv	available	tsv	GCST90566357.tsv; GCST90566357.tsv-meta.yaml; md5sum.txt	281M	full_summary_stats	total_rows_scanned=5426643;primary=0;secondary=1;normalized_retained=1;build_conversion=none_needed;conversion_status=retained
GCST90566367	comparator	z-score of systolic blood pressure	ftp://ftp.ebi.ac.uk/pub/databases/gwas/summary_statistics/GCST90566001-GCST90567000/GCST90566367	GCST90566367.tsv	available	tsv	GCST90566367.tsv; GCST90566367.tsv-meta.yaml; md5sum.txt	281M	full_summary_stats	total_rows_scanned=5426643;primary=0;secondary=3;normalized_retained=3;build_conversion=none_needed;conversion_status=retained
GCST90728289	kidney	Acute renal failure (ICD10 N17)	ftp://ftp.ebi.ac.uk/pub/databases/gwas/summary_statistics/GCST90728001-GCST90729000/GCST90728289	harmonised/GCST90728289.h.tsv.gz	available	gz	harmonised/GCST90728289.h.tsv.gz; harmonised/GCST90728289.h.tsv.gz-meta.yaml; md5sum.txt; harmonised/md5sum.txt	1.1G	harmonised_api	total_rows_scanned=30357869;primary=0;secondary=28;normalized_retained=28;build_conversion=none_needed;conversion_status=retained
GCST90728281	kidney	Chronic Kidney Disease (MGH definition)	ftp://ftp.ebi.ac.uk/pub/databases/gwas/summary_statistics/GCST90728001-GCST90729000/GCST90728281	harmonised/GCST90728281.h.tsv.gz	available	gz	harmonised/GCST90728281.h.tsv.gz; harmonised/GCST90728281.h.tsv.gz-meta.yaml; md5sum.txt; harmonised/md5sum.txt	1.1G	harmonised_api	total_rows_scanned=30357298;primary=1;secondary=21;normalized_retained=22;build_conversion=none_needed;conversion_status=retained
GCST90727806	kidney	Chronic Kidney Disease (MULTIPLY codelist)	ftp://ftp.ebi.ac.uk/pub/databases/gwas/summary_statistics/GCST90727001-GCST90728000/GCST90727806	harmonised/GCST90727806.h.tsv.gz	available	gz	harmonised/GCST90727806.h.tsv.gz; harmonised/GCST90727806.h.tsv.gz-meta.yaml; md5sum.txt; harmonised/md5sum.txt	1.1G	harmonised_api	total_rows_scanned=30357298;primary=1;secondary=21;normalized_retained=22;build_conversion=none_needed;conversion_status=retained
GCST90728449	kidney	Chronic kidney disease (CKD) stage 1-2 (Quality and Outcomes Framework codes)	ftp://ftp.ebi.ac.uk/pub/databases/gwas/summary_statistics/GCST90728001-GCST90729000/GCST90728449	harmonised/GCST90728449.h.tsv.gz	available	gz	harmonised/GCST90728449.h.tsv.gz; harmonised/GCST90728449.h.tsv.gz-meta.yaml; md5sum.txt; harmonised/md5sum.txt	1.1G	harmonised_api	total_rows_scanned=30357298;primary=1;secondary=37;normalized_retained=38;build_conversion=none_needed;conversion_status=retained
GCST90728450	kidney	Chronic kidney disease (CKD) stage 3-5 (Quality and Outcomes Framework codes)	ftp://ftp.ebi.ac.uk/pub/databases/gwas/summary_statistics/GCST90728001-GCST90729000/GCST90728450	harmonised/GCST90728450.h.tsv.gz	available	gz	harmonised/GCST90728450.h.tsv.gz; harmonised/GCST90728450.h.tsv.gz-meta.yaml; md5sum.txt; harmonised/md5sum.txt	1.1G	harmonised_api	total_rows_scanned=30357298;primary=1;secondary=14;normalized_retained=15;build_conversion=none_needed;conversion_status=retained
GCST90728290	kidney	Chronic kidney disease (ICD10 N18)	ftp://ftp.ebi.ac.uk/pub/databases/gwas/summary_statistics/GCST90728001-GCST90729000/GCST90728290	harmonised/GCST90728290.h.tsv.gz	available	gz	harmonised/GCST90728290.h.tsv.gz; harmonised/GCST90728290.h.tsv.gz-meta.yaml; md5sum.txt; harmonised/md5sum.txt	1.1G	harmonised_api	total_rows_scanned=30357869;primary=4;secondary=19;normalized_retained=23;build_conversion=none_needed;conversion_status=retained
GCST90447114	kidney	Creatinine	ftp://ftp.ebi.ac.uk/pub/databases/gwas/summary_statistics/GCST90447001-GCST90448000/GCST90447114	GCST90447114.tsv	available	tsv	GCST90447114.tsv; GCST90447114.tsv-meta.yaml; md5sum.txt	673M	full_summary_stats	total_rows_scanned=9465331;primary=8466;secondary=5457;normalized_retained=13899;build_conversion=liftOver_hg19ToHg38;conversion_status=lifted
GCST90449375	kidney	Creatinine	ftp://ftp.ebi.ac.uk/pub/databases/gwas/summary_statistics/GCST90449001-GCST90450000/GCST90449375	GCST90449375.tsv.gz	available	gz	GCST90449375.tsv.gz; GCST90449375.tsv.gz-meta.yaml; md5sum.txt	869M	full_summary_stats	total_rows_scanned=26173594;primary=10977;secondary=6710;normalized_retained=17687;build_conversion=none_needed;conversion_status=retained
GCST90449624	kidney	Creatinine	ftp://ftp.ebi.ac.uk/pub/databases/gwas/summary_statistics/GCST90449001-GCST90450000/GCST90449624	GCST90449624.tsv.gz	available	gz	GCST90449624.tsv.gz; GCST90449624.tsv.gz-meta.yaml; md5sum.txt	3.1G	full_summary_stats	total_rows_scanned=95729866;primary=56601;secondary=22444;normalized_retained=79045;build_conversion=none_needed;conversion_status=retained
GCST90449873	kidney	Creatinine	ftp://ftp.ebi.ac.uk/pub/databases/gwas/summary_statistics/GCST90449001-GCST90450000/GCST90449873	GCST90449873.tsv.gz	available	gz	GCST90449873.tsv.gz; GCST90449873.tsv.gz-meta.yaml; md5sum.txt	873M	full_summary_stats	total_rows_scanned=26776919;primary=1;secondary=19;normalized_retained=20;build_conversion=none_needed;conversion_status=retained
GCST90450122	kidney	Creatinine	ftp://ftp.ebi.ac.uk/pub/databases/gwas/summary_statistics/GCST90450001-GCST90451000/GCST90450122	GCST90450122.tsv.gz	available	gz	GCST90450122.tsv.gz; GCST90450122.tsv.gz-meta.yaml; md5sum.txt	322M	full_summary_stats	total_rows_scanned=10424945;primary=0;secondary=25;normalized_retained=25;build_conversion=none_needed;conversion_status=retained
GCST90450371	kidney	Creatinine	ftp://ftp.ebi.ac.uk/pub/databases/gwas/summary_statistics/GCST90450001-GCST90451000/GCST90450371	GCST90450371.tsv.gz	available	gz	GCST90450371.tsv.gz; GCST90450371.tsv.gz-meta.yaml; md5sum.txt	579M	full_summary_stats	total_rows_scanned=17791373;primary=71;secondary=85;normalized_retained=156;build_conversion=none_needed;conversion_status=retained
GCST90450620	kidney	Creatinine	ftp://ftp.ebi.ac.uk/pub/databases/gwas/summary_statistics/GCST90450001-GCST90451000/GCST90450620	GCST90450620.tsv.gz	available	gz	GCST90450620.tsv.gz; GCST90450620.tsv.gz-meta.yaml; md5sum.txt	346M	full_summary_stats	total_rows_scanned=10811607;primary=0;secondary=15;normalized_retained=15;build_conversion=none_needed;conversion_status=retained
GCST90450869	kidney	Creatinine	ftp://ftp.ebi.ac.uk/pub/databases/gwas/summary_statistics/GCST90450001-GCST90451000/GCST90450869	GCST90450869.tsv.gz	available	gz	GCST90450869.tsv.gz; GCST90450869.tsv.gz-meta.yaml; md5sum.txt	434M	full_summary_stats	total_rows_scanned=13697936;primary=0;secondary=45;normalized_retained=45;build_conversion=none_needed;conversion_status=retained
GCST90451118	kidney	Creatinine	ftp://ftp.ebi.ac.uk/pub/databases/gwas/summary_statistics/GCST90451001-GCST90452000/GCST90451118	GCST90451118.tsv.gz	available	gz	GCST90451118.tsv.gz; GCST90451118.tsv.gz-meta.yaml; md5sum.txt	3.4G	full_summary_stats	total_rows_scanned=103927003;primary=79904;secondary=32390;normalized_retained=112294;build_conversion=none_needed;conversion_status=retained
GCST90451367	kidney	Creatinine	ftp://ftp.ebi.ac.uk/pub/databases/gwas/summary_statistics/GCST90451001-GCST90452000/GCST90451367	GCST90451367.tsv.gz	available	gz	GCST90451367.tsv.gz; GCST90451367.tsv.gz-meta.yaml; md5sum.txt	4.7G	full_summary_stats	total_rows_scanned=119026652;primary=80623;secondary=31743;normalized_retained=112366;build_conversion=none_needed;conversion_status=retained
GCST90709314	kidney	Creatinine	ftp://ftp.ebi.ac.uk/pub/databases/gwas/summary_statistics/GCST90709001-GCST90710000/GCST90709314	harmonised/GCST90709314.h.tsv.gz	available	gz	harmonised/GCST90709314.h.tsv.gz; harmonised/GCST90709314.h.tsv.gz-meta.yaml; md5sum.txt; harmonised/md5sum.txt	327M	harmonised_api	total_rows_scanned=10846132;primary=21;secondary=157;normalized_retained=178;build_conversion=none_needed;conversion_status=retained
GCST90709562	kidney	Creatinine	ftp://ftp.ebi.ac.uk/pub/databases/gwas/summary_statistics/GCST90709001-GCST90710000/GCST90709562	harmonised/GCST90709562.h.tsv.gz	available	gz	harmonised/GCST90709562.h.tsv.gz; harmonised/GCST90709562.h.tsv.gz-meta.yaml; md5sum.txt; harmonised/md5sum.txt	188M	harmonised_api	total_rows_scanned=8120616;primary=61825;secondary=23532;normalized_retained=85357;build_conversion=none_needed;conversion_status=retained
GCST90827193	kidney	Creatinine	ftp://ftp.ebi.ac.uk/pub/databases/gwas/summary_statistics/GCST90827001-GCST90828000/GCST90827193	GCST90827193.tsv.gz	available	gz	GCST90827193.tsv.gz; GCST90827193.tsv.gz-meta.yaml; md5sum.txt	9.2K	full_summary_stats	total_rows_scanned=651;primary=651;secondary=0;normalized_retained=651;build_conversion=none_needed;conversion_status=retained
GCST90726449	kidney	Creatinine (umol/L)	ftp://ftp.ebi.ac.uk/pub/databases/gwas/summary_statistics/GCST90726001-GCST90727000/GCST90726449	harmonised/GCST90726449.h.tsv.gz	available	gz	harmonised/GCST90726449.h.tsv.gz; harmonised/GCST90726449.h.tsv.gz-meta.yaml; md5sum.txt; harmonised/md5sum.txt	391M	harmonised_api	total_rows_scanned=9915484;primary=2;secondary=6;normalized_retained=8;build_conversion=none_needed;conversion_status=retained
GCST90726450	kidney	Creatinine (umol/L)	ftp://ftp.ebi.ac.uk/pub/databases/gwas/summary_statistics/GCST90726001-GCST90727000/GCST90726450	harmonised/GCST90726450.h.tsv.gz	available	gz	harmonised/GCST90726450.h.tsv.gz; harmonised/GCST90726450.h.tsv.gz-meta.yaml; md5sum.txt; harmonised/md5sum.txt	182M	harmonised_api	total_rows_scanned=6971084;primary=152;secondary=76;normalized_retained=228;build_conversion=none_needed;conversion_status=retained
GCST90727480	kidney	Creatinine - max	ftp://ftp.ebi.ac.uk/pub/databases/gwas/summary_statistics/GCST90727001-GCST90728000/GCST90727480	harmonised/GCST90727480.h.tsv.gz	available	gz	harmonised/GCST90727480.h.tsv.gz; harmonised/GCST90727480.h.tsv.gz-meta.yaml; md5sum.txt; harmonised/md5sum.txt	1.1G	harmonised_api	total_rows_scanned=30277188;primary=534;secondary=303;normalized_retained=837;build_conversion=none_needed;conversion_status=retained
GCST90727481	kidney	Creatinine - median	ftp://ftp.ebi.ac.uk/pub/databases/gwas/summary_statistics/GCST90727001-GCST90728000/GCST90727481	harmonised/GCST90727481.h.tsv.gz	available	gz	harmonised/GCST90727481.h.tsv.gz; harmonised/GCST90727481.h.tsv.gz-meta.yaml; md5sum.txt; harmonised/md5sum.txt	1.1G	harmonised_api	total_rows_scanned=30277188;primary=856;secondary=512;normalized_retained=1368;build_conversion=none_needed;conversion_status=retained
GCST90727482	kidney	Creatinine - min	ftp://ftp.ebi.ac.uk/pub/databases/gwas/summary_statistics/GCST90727001-GCST90728000/GCST90727482	harmonised/GCST90727482.h.tsv.gz	available	gz	harmonised/GCST90727482.h.tsv.gz; harmonised/GCST90727482.h.tsv.gz-meta.yaml; md5sum.txt; harmonised/md5sum.txt	1.1G	harmonised_api	total_rows_scanned=30277188;primary=671;secondary=519;normalized_retained=1190;build_conversion=none_needed;conversion_status=retained
GCST90827195	kidney	Cystatin C	ftp://ftp.ebi.ac.uk/pub/databases/gwas/summary_statistics/GCST90827001-GCST90828000/GCST90827195	GCST90827195.tsv.gz	available	gz	GCST90827195.tsv.gz; GCST90827195.tsv.gz-meta.yaml; md5sum.txt	16K	full_summary_stats	total_rows_scanned=1130;primary=1130;secondary=0;normalized_retained=1130;build_conversion=none_needed;conversion_status=retained
GCST90726453	kidney	Cystatin C (mg/L)	ftp://ftp.ebi.ac.uk/pub/databases/gwas/summary_statistics/GCST90726001-GCST90727000/GCST90726453	harmonised/GCST90726453.h.tsv.gz	available	gz	harmonised/GCST90726453.h.tsv.gz; harmonised/GCST90726453.h.tsv.gz-meta.yaml; md5sum.txt; harmonised/md5sum.txt	392M	harmonised_api	total_rows_scanned=9915501;primary=255;secondary=109;normalized_retained=364;build_conversion=none_needed;conversion_status=retained
GCST90726454	kidney	Cystatin C (mg/L)	ftp://ftp.ebi.ac.uk/pub/databases/gwas/summary_statistics/GCST90726001-GCST90727000/GCST90726454	harmonised/GCST90726454.h.tsv.gz	available	gz	harmonised/GCST90726454.h.tsv.gz; harmonised/GCST90726454.h.tsv.gz-meta.yaml; md5sum.txt; harmonised/md5sum.txt	183M	harmonised_api	total_rows_scanned=6971343;primary=0;secondary=3;normalized_retained=3;build_conversion=none_needed;conversion_status=retained
GCST90827426	kidney	Diagnoses - ICD10; N17 Acute renal failure	ftp://ftp.ebi.ac.uk/pub/databases/gwas/summary_statistics/GCST90827001-GCST90828000/GCST90827426	GCST90827426.tsv.gz	available	gz	GCST90827426.tsv.gz; GCST90827426.tsv.gz-meta.yaml; md5sum.txt	2.2K	full_summary_stats	total_rows_scanned=115;primary=115;secondary=0;normalized_retained=115;build_conversion=none_needed;conversion_status=retained
GCST90827425	kidney	Diagnoses - ICD10; N17.9 Acute renal failure, unspecified	ftp://ftp.ebi.ac.uk/pub/databases/gwas/summary_statistics/GCST90827001-GCST90828000/GCST90827425	GCST90827425.tsv.gz	available	gz	GCST90827425.tsv.gz; GCST90827425.tsv.gz-meta.yaml; md5sum.txt	2.2K	full_summary_stats	total_rows_scanned=116;primary=116;secondary=0;normalized_retained=116;build_conversion=none_needed;conversion_status=retained
GCST90727881	kidney	End stage renal disease	ftp://ftp.ebi.ac.uk/pub/databases/gwas/summary_statistics/GCST90727001-GCST90728000/GCST90727881	harmonised/GCST90727881.h.tsv.gz	available	gz	harmonised/GCST90727881.h.tsv.gz; harmonised/GCST90727881.h.tsv.gz-meta.yaml; md5sum.txt; harmonised/md5sum.txt	1.1G	harmonised_api	total_rows_scanned=30357298;primary=5;secondary=39;normalized_retained=44;build_conversion=none_needed;conversion_status=retained
GCST90727492	kidney	Estimated glomerular filtration rate - max	ftp://ftp.ebi.ac.uk/pub/databases/gwas/summary_statistics/GCST90727001-GCST90728000/GCST90727492	harmonised/GCST90727492.h.tsv.gz	available	gz	harmonised/GCST90727492.h.tsv.gz; harmonised/GCST90727492.h.tsv.gz-meta.yaml; md5sum.txt; harmonised/md5sum.txt	1.1G	harmonised_api	total_rows_scanned=30250926;primary=223;secondary=127;normalized_retained=350;build_conversion=none_needed;conversion_status=retained
GCST90727493	kidney	Estimated glomerular filtration rate - median	ftp://ftp.ebi.ac.uk/pub/databases/gwas/summary_statistics/GCST90727001-GCST90728000/GCST90727493	harmonised/GCST90727493.h.tsv.gz	available	gz	harmonised/GCST90727493.h.tsv.gz; harmonised/GCST90727493.h.tsv.gz-meta.yaml; md5sum.txt; harmonised/md5sum.txt	1.1G	harmonised_api	total_rows_scanned=30250926;primary=443;secondary=308;normalized_retained=751;build_conversion=none_needed;conversion_status=retained
GCST90727494	kidney	Estimated glomerular filtration rate - min	ftp://ftp.ebi.ac.uk/pub/databases/gwas/summary_statistics/GCST90727001-GCST90728000/GCST90727494	harmonised/GCST90727494.h.tsv.gz	available	gz	harmonised/GCST90727494.h.tsv.gz; harmonised/GCST90727494.h.tsv.gz-meta.yaml; md5sum.txt; harmonised/md5sum.txt	1.1G	harmonised_api	total_rows_scanned=30250926;primary=220;secondary=233;normalized_retained=453;build_conversion=none_needed;conversion_status=retained
GCST90728352	kidney	Gestational [pregnancy-induced] oedema and proteinuria without hypertension (ICD10 O12)	ftp://ftp.ebi.ac.uk/pub/databases/gwas/summary_statistics/GCST90728001-GCST90729000/GCST90728352	harmonised/GCST90728352.h.tsv.gz	available	gz	harmonised/GCST90728352.h.tsv.gz; harmonised/GCST90728352.h.tsv.gz-meta.yaml; md5sum.txt; harmonised/md5sum.txt	1.1G	harmonised_api	total_rows_scanned=30357869;primary=0;secondary=23;normalized_retained=23;build_conversion=none_needed;conversion_status=retained
GCST90728460	kidney	Microalbuminuria	ftp://ftp.ebi.ac.uk/pub/databases/gwas/summary_statistics/GCST90728001-GCST90729000/GCST90728460	harmonised/GCST90728460.h.tsv.gz	available	gz	harmonised/GCST90728460.h.tsv.gz; harmonised/GCST90728460.h.tsv.gz-meta.yaml; md5sum.txt; harmonised/md5sum.txt	1.1G	harmonised_api	total_rows_scanned=30357298;primary=0;secondary=29;normalized_retained=29;build_conversion=none_needed;conversion_status=retained
GCST90728465	kidney	Proteinuria	ftp://ftp.ebi.ac.uk/pub/databases/gwas/summary_statistics/GCST90728001-GCST90729000/GCST90728465	harmonised/GCST90728465.h.tsv.gz	available	gz	harmonised/GCST90728465.h.tsv.gz; harmonised/GCST90728465.h.tsv.gz-meta.yaml; md5sum.txt; harmonised/md5sum.txt	1.1G	harmonised_api	total_rows_scanned=30357298;primary=1;secondary=19;normalized_retained=20;build_conversion=none_needed;conversion_status=retained
GCST90728291	kidney	Unspecified kidney failure (ICD10 N19)	ftp://ftp.ebi.ac.uk/pub/databases/gwas/summary_statistics/GCST90728001-GCST90729000/GCST90728291	harmonised/GCST90728291.h.tsv.gz	available	gz	harmonised/GCST90728291.h.tsv.gz; harmonised/GCST90728291.h.tsv.gz-meta.yaml; md5sum.txt; harmonised/md5sum.txt	1.1G	harmonised_api	total_rows_scanned=30357869;primary=0;secondary=12;normalized_retained=12;build_conversion=none_needed;conversion_status=retained
GCST90727717	kidney	Urine Protein:Creatinine Ratio - max	ftp://ftp.ebi.ac.uk/pub/databases/gwas/summary_statistics/GCST90727001-GCST90728000/GCST90727717	harmonised/GCST90727717.h.tsv.gz	available	gz	harmonised/GCST90727717.h.tsv.gz; harmonised/GCST90727717.h.tsv.gz-meta.yaml; md5sum.txt; harmonised/md5sum.txt	688M	harmonised_api	total_rows_scanned=20272549;primary=0;secondary=13;normalized_retained=13;build_conversion=none_needed;conversion_status=retained
GCST90727718	kidney	Urine Protein:Creatinine Ratio - median	ftp://ftp.ebi.ac.uk/pub/databases/gwas/summary_statistics/GCST90727001-GCST90728000/GCST90727718	harmonised/GCST90727718.h.tsv.gz	available	gz	harmonised/GCST90727718.h.tsv.gz; harmonised/GCST90727718.h.tsv.gz-meta.yaml; md5sum.txt; harmonised/md5sum.txt	688M	harmonised_api	total_rows_scanned=20272549;primary=0;secondary=24;normalized_retained=24;build_conversion=none_needed;conversion_status=retained
GCST90727719	kidney	Urine Protein:Creatinine Ratio - min	ftp://ftp.ebi.ac.uk/pub/databases/gwas/summary_statistics/GCST90727001-GCST90728000/GCST90727719	harmonised/GCST90727719.h.tsv.gz	available	gz	harmonised/GCST90727719.h.tsv.gz; harmonised/GCST90727719.h.tsv.gz-meta.yaml; md5sum.txt; harmonised/md5sum.txt	688M	harmonised_api	total_rows_scanned=20272549;primary=6;secondary=25;normalized_retained=31;build_conversion=none_needed;conversion_status=retained
GCST90727711	kidney	Urine albumin creatinine ratio - max	ftp://ftp.ebi.ac.uk/pub/databases/gwas/summary_statistics/GCST90727001-GCST90728000/GCST90727711	harmonised/GCST90727711.h.tsv.gz	available	gz	harmonised/GCST90727711.h.tsv.gz; harmonised/GCST90727711.h.tsv.gz-meta.yaml; md5sum.txt; harmonised/md5sum.txt	914M	harmonised_api	total_rows_scanned=25891705;primary=26;secondary=43;normalized_retained=69;build_conversion=none_needed;conversion_status=retained
GCST90727712	kidney	Urine albumin creatinine ratio - median	ftp://ftp.ebi.ac.uk/pub/databases/gwas/summary_statistics/GCST90727001-GCST90728000/GCST90727712	harmonised/GCST90727712.h.tsv.gz	available	gz	harmonised/GCST90727712.h.tsv.gz; harmonised/GCST90727712.h.tsv.gz-meta.yaml; md5sum.txt; harmonised/md5sum.txt	914M	harmonised_api	total_rows_scanned=25891705;primary=1;secondary=118;normalized_retained=119;build_conversion=none_needed;conversion_status=retained
GCST90727713	kidney	Urine albumin creatinine ratio - min	ftp://ftp.ebi.ac.uk/pub/databases/gwas/summary_statistics/GCST90727001-GCST90728000/GCST90727713	harmonised/GCST90727713.h.tsv.gz	available	gz	harmonised/GCST90727713.h.tsv.gz; harmonised/GCST90727713.h.tsv.gz-meta.yaml; md5sum.txt; harmonised/md5sum.txt	914M	harmonised_api	total_rows_scanned=25891705;primary=41;secondary=58;normalized_retained=99;build_conversion=none_needed;conversion_status=retained
GCST90301198	kidney	creatinine	ftp://ftp.ebi.ac.uk/pub/databases/gwas/summary_statistics/GCST90301001-GCST90302000/GCST90301198	harmonised/GCST90301198.h.tsv.gz	available	gz	harmonised/GCST90301198.h.tsv.gz; harmonised/GCST90301198.h.tsv.gz-meta.yaml; md5sum.txt; harmonised/md5sum.txt	540M	harmonised_api	total_rows_scanned=17249642;primary=35537;secondary=16528;normalized_retained=52065;build_conversion=none_needed;conversion_status=retained
GCST90301199	kidney	creatinine	ftp://ftp.ebi.ac.uk/pub/databases/gwas/summary_statistics/GCST90301001-GCST90302000/GCST90301199	harmonised/GCST90301199.h.tsv.gz	available	gz	harmonised/GCST90301199.h.tsv.gz; harmonised/GCST90301199.h.tsv.gz-meta.yaml; md5sum.txt; harmonised/md5sum.txt	540M	harmonised_api	total_rows_scanned=17249642;primary=31239;secondary=15335;normalized_retained=46574;build_conversion=none_needed;conversion_status=retained
GCST90302187	kidney	membranous nephropathy	ftp://ftp.ebi.ac.uk/pub/databases/gwas/summary_statistics/GCST90302001-GCST90303000/GCST90302187	readme.txt	unavailable	txt		93	full_summary_stats	No downloadable association table found
GCST90316497	kidney	urine protein /creatin ratio	ftp://ftp.ebi.ac.uk/pub/databases/gwas/summary_statistics/GCST90316001-GCST90317000/GCST90316497	harmonised/GCST90316497.h.tsv.gz	available	gz	harmonised/GCST90316497.h.tsv.gz; harmonised/GCST90316497.h.tsv.gz-meta.yaml; md5sum.txt; harmonised/md5sum.txt	20M	harmonised_api	total_rows_scanned=783263;primary=57;secondary=146;normalized_retained=203;build_conversion=none_needed;conversion_status=retained
