study_accession	category	trait_name	source_path	root_status	data_file_name	data_file_type	data_file_size_text	data_file_size_bytes	harmonised_dir_present	meta_files	available_entries	notes
GCST90267331	comparator	BMI	ftp://ftp.ebi.ac.uk/pub/databases/gwas/summary_statistics/GCST90267001-GCST90268000/GCST90267331	404					no			ERROR: 404 Client Error: Not Found for url: https://ftp.ebi.ac.uk/pub/databases/gwas/summary_statistics/GCST90267001-GCST90268000/GCST90267331/
GCST90267332	comparator	BMI	ftp://ftp.ebi.ac.uk/pub/databases/gwas/summary_statistics/GCST90267001-GCST90268000/GCST90267332	404					no			ERROR: 404 Client Error: Not Found for url: https://ftp.ebi.ac.uk/pub/databases/gwas/summary_statistics/GCST90267001-GCST90268000/GCST90267332/
GCST90268031	comparator	BMI	ftp://ftp.ebi.ac.uk/pub/databases/gwas/summary_statistics/GCST90268001-GCST90269000/GCST90268031	200	GCST90268031.tsv.gz	compressed_table	81M	84934656	no	GCST90268031.tsv.gz-meta.yaml; md5sum.txt	Name; GCST90268031.tsv.gz; GCST90268031.tsv.gz-meta.yaml; md5sum.txt	
GCST90268032	comparator	BMI	ftp://ftp.ebi.ac.uk/pub/databases/gwas/summary_statistics/GCST90268001-GCST90269000/GCST90268032	200	GCST90268032.tsv.gz	compressed_table	47M	49283072	no	GCST90268032.tsv.gz-meta.yaml; md5sum.txt	Name; GCST90268032.tsv.gz; GCST90268032.tsv.gz-meta.yaml; md5sum.txt	
GCST90444285	comparator	Body Mass Index	ftp://ftp.ebi.ac.uk/pub/databases/gwas/summary_statistics/GCST90444001-GCST90445000/GCST90444285	200	harmonised/GCST90444285.h.tsv.gz	harmonised	27M	28311552	yes	GCST90444285.tsv-meta.yaml; md5sum.txt; harmonised/GCST90444285.h.tsv.gz-meta.yaml; harmonised/md5sum.txt	Name; GCST90444285.tsv; GCST90444285.tsv-meta.yaml; harmonised/; md5sum.txt	
GCST90444306	comparator	Body Mass Index	ftp://ftp.ebi.ac.uk/pub/databases/gwas/summary_statistics/GCST90444001-GCST90445000/GCST90444306	200	harmonised/GCST90444306.h.tsv.gz	harmonised	27M	28311552	yes	GCST90444306.tsv-meta.yaml; md5sum.txt; harmonised/GCST90444306.h.tsv.gz-meta.yaml; harmonised/md5sum.txt	Name; GCST90444306.tsv; GCST90444306.tsv-meta.yaml; harmonised/; md5sum.txt	
GCST90444328	comparator	Body Mass Index	ftp://ftp.ebi.ac.uk/pub/databases/gwas/summary_statistics/GCST90444001-GCST90445000/GCST90444328	200	harmonised/GCST90444328.h.tsv.gz	harmonised	27M	28311552	yes	GCST90444328.tsv-meta.yaml; md5sum.txt; harmonised/GCST90444328.h.tsv.gz-meta.yaml; harmonised/md5sum.txt	Name; GCST90444328.tsv; GCST90444328.tsv-meta.yaml; harmonised/; md5sum.txt	
GCST90826151	comparator	Body mass index (BMI)	ftp://ftp.ebi.ac.uk/pub/databases/gwas/summary_statistics/GCST90826001-GCST90827000/GCST90826151	200	GCST90826151.tsv.gz	compressed_table	13K	13312	no	GCST90826151.tsv.gz-meta.yaml; md5sum.txt	Name; GCST90826151.tsv.gz; GCST90826151.tsv.gz-meta.yaml; md5sum.txt	
GCST90826182	comparator	Body mass index (BMI)	ftp://ftp.ebi.ac.uk/pub/databases/gwas/summary_statistics/GCST90826001-GCST90827000/GCST90826182	200	GCST90826182.tsv.gz	compressed_table	13K	13312	no	GCST90826182.tsv.gz-meta.yaml; md5sum.txt	Name; GCST90826182.tsv.gz; GCST90826182.tsv.gz-meta.yaml; md5sum.txt	
GCST90727459	comparator	Body mass index - max	ftp://ftp.ebi.ac.uk/pub/databases/gwas/summary_statistics/GCST90727001-GCST90728000/GCST90727459	200	harmonised/GCST90727459.h.tsv.gz	harmonised	1.1G	1181116006	yes	GCST90727459.tsv-meta.yaml; md5sum.txt; harmonised/GCST90727459.h.tsv.gz-meta.yaml; harmonised/md5sum.txt	Name; GCST90727459.tsv; GCST90727459.tsv-meta.yaml; harmonised/; md5sum.txt	
GCST90727460	comparator	Body mass index - median	ftp://ftp.ebi.ac.uk/pub/databases/gwas/summary_statistics/GCST90727001-GCST90728000/GCST90727460	200	harmonised/GCST90727460.h.tsv.gz	harmonised	1.1G	1181116006	yes	GCST90727460.tsv-meta.yaml; md5sum.txt; harmonised/GCST90727460.h.tsv.gz-meta.yaml; harmonised/md5sum.txt	Name; GCST90727460.tsv; GCST90727460.tsv-meta.yaml; harmonised/; md5sum.txt	
GCST90727461	comparator	Body mass index - min	ftp://ftp.ebi.ac.uk/pub/databases/gwas/summary_statistics/GCST90727001-GCST90728000/GCST90727461	200	harmonised/GCST90727461.h.tsv.gz	harmonised	1.1G	1181116006	yes	GCST90727461.tsv-meta.yaml; md5sum.txt; harmonised/GCST90727461.h.tsv.gz-meta.yaml; harmonised/md5sum.txt	Name; GCST90727461.tsv; GCST90727461.tsv-meta.yaml; harmonised/; md5sum.txt	
GCST90728446	comparator	Body mass index >= 30 without an associated BMI value (Quality and Outcomes Framework codes)	ftp://ftp.ebi.ac.uk/pub/databases/gwas/summary_statistics/GCST90728001-GCST90729000/GCST90728446	200	harmonised/GCST90728446.h.tsv.gz	harmonised	1.1G	1181116006	yes	GCST90728446.tsv-meta.yaml; md5sum.txt; harmonised/GCST90728446.h.tsv.gz-meta.yaml; harmonised/md5sum.txt	Name; GCST90728446.tsv; GCST90728446.tsv-meta.yaml; harmonised/; md5sum.txt	
GCST90104677	comparator	Childhood body mass index	ftp://ftp.ebi.ac.uk/pub/databases/gwas/summary_statistics/GCST90104001-GCST90105000/GCST90104677	200	harmonised/GCST90104677.h.tsv.gz	harmonised	156M	163577856	yes	GCST90104677_buildGRCh37.tsv.gz-meta.yaml; md5sum.txt; harmonised/GCST90104677.h.tsv.gz-meta.yaml; harmonised/md5sum.txt	Name; GCST90104677_buildGRCh37.tsv.gz; GCST90104677_buildGRCh37.tsv.gz-meta.yaml; README.txt; harmonised/; md5sum.txt	
GCST90104684	comparator	Childhood diastolic blood pressure	ftp://ftp.ebi.ac.uk/pub/databases/gwas/summary_statistics/GCST90104001-GCST90105000/GCST90104684	200	harmonised/GCST90104684.h.tsv.gz	harmonised	157M	164626432	yes	GCST90104684_buildGRCh37.tsv.gz-meta.yaml; md5sum.txt; harmonised/GCST90104684.h.tsv.gz-meta.yaml; harmonised/md5sum.txt	Name; GCST90104684_buildGRCh37.tsv.gz; GCST90104684_buildGRCh37.tsv.gz-meta.yaml; README.txt; harmonised/; md5sum.txt	
GCST90104683	comparator	Childhood systolic blood pressure	ftp://ftp.ebi.ac.uk/pub/databases/gwas/summary_statistics/GCST90104001-GCST90105000/GCST90104683	200	harmonised/GCST90104683.h.tsv.gz	harmonised	157M	164626432	yes	GCST90104683_buildGRCh37.tsv.gz-meta.yaml; md5sum.txt; harmonised/GCST90104683.h.tsv.gz-meta.yaml; harmonised/md5sum.txt	Name; GCST90104683_buildGRCh37.tsv.gz; GCST90104683_buildGRCh37.tsv.gz-meta.yaml; README.txt; harmonised/; md5sum.txt	
GCST90728432	comparator	Coronary Artery Disease (PRIMED consortium definition)	ftp://ftp.ebi.ac.uk/pub/databases/gwas/summary_statistics/GCST90728001-GCST90729000/GCST90728432	200	harmonised/GCST90728432.h.tsv.gz	harmonised	1.1G	1181116006	yes	GCST90728432.tsv-meta.yaml; md5sum.txt; harmonised/GCST90728432.h.tsv.gz-meta.yaml; harmonised/md5sum.txt	Name; GCST90728432.tsv; GCST90728432.tsv-meta.yaml; harmonised/; md5sum.txt	
GCST90727951	comparator	Coronary Artery Disease - broad	ftp://ftp.ebi.ac.uk/pub/databases/gwas/summary_statistics/GCST90727001-GCST90728000/GCST90727951	200	harmonised/GCST90727951.h.tsv.gz	harmonised	1.1G	1181116006	yes	GCST90727951.tsv-meta.yaml; md5sum.txt; harmonised/GCST90727951.h.tsv.gz-meta.yaml; harmonised/md5sum.txt	Name; GCST90727951.tsv; GCST90727951.tsv-meta.yaml; harmonised/; md5sum.txt	
GCST90727950	comparator	Coronary Artery Disease - narrow	ftp://ftp.ebi.ac.uk/pub/databases/gwas/summary_statistics/GCST90727001-GCST90728000/GCST90727950	200	harmonised/GCST90727950.h.tsv.gz	harmonised	1.1G	1181116006	yes	GCST90727950.tsv-meta.yaml; md5sum.txt; harmonised/GCST90727950.h.tsv.gz-meta.yaml; harmonised/md5sum.txt	Name; GCST90727950.tsv; GCST90727950.tsv-meta.yaml; harmonised/; md5sum.txt	
GCST90827313	comparator	Diagnoses - ICD10; E66 Obesity	ftp://ftp.ebi.ac.uk/pub/databases/gwas/summary_statistics/GCST90827001-GCST90828000/GCST90827313	200	GCST90827313.tsv.gz	compressed_table	2.9K	2969	no	GCST90827313.tsv.gz-meta.yaml; md5sum.txt	Name; GCST90827313.tsv.gz; GCST90827313.tsv.gz-meta.yaml; md5sum.txt	
GCST90827311	comparator	Diagnoses - ICD10; E66.8 Other obesity	ftp://ftp.ebi.ac.uk/pub/databases/gwas/summary_statistics/GCST90827001-GCST90828000/GCST90827311	200	GCST90827311.tsv.gz	compressed_table	2.1K	2150	no	GCST90827311.tsv.gz-meta.yaml; md5sum.txt	Name; GCST90827311.tsv.gz; GCST90827311.tsv.gz-meta.yaml; md5sum.txt	
GCST90827312	comparator	Diagnoses - ICD10; E66.9 Obesity, unspecified	ftp://ftp.ebi.ac.uk/pub/databases/gwas/summary_statistics/GCST90827001-GCST90828000/GCST90827312	200	GCST90827312.tsv.gz	compressed_table	1.5K	1536	no	GCST90827312.tsv.gz-meta.yaml; md5sum.txt	Name; GCST90827312.tsv.gz; GCST90827312.tsv.gz-meta.yaml; md5sum.txt	
GCST90827341	comparator	Diagnoses - ICD10; I10 Essential (primary) hypertension	ftp://ftp.ebi.ac.uk/pub/databases/gwas/summary_statistics/GCST90827001-GCST90828000/GCST90827341	200	GCST90827341.tsv.gz	compressed_table	505	505	no	GCST90827341.tsv.gz-meta.yaml; md5sum.txt	Name; GCST90827341.tsv.gz; GCST90827341.tsv.gz-meta.yaml; md5sum.txt	
GCST90827412	comparator	Diagnoses - ICD10; M10 Gout	ftp://ftp.ebi.ac.uk/pub/databases/gwas/summary_statistics/GCST90827001-GCST90828000/GCST90827412	200	GCST90827412.tsv.gz	compressed_table	503	503	no	GCST90827412.tsv.gz-meta.yaml; md5sum.txt	Name; GCST90827412.tsv.gz; GCST90827412.tsv.gz-meta.yaml; md5sum.txt	
GCST90827411	comparator	Diagnoses - ICD10; M10.9 Gout, unspecified	ftp://ftp.ebi.ac.uk/pub/databases/gwas/summary_statistics/GCST90827001-GCST90828000/GCST90827411	200	GCST90827411.tsv.gz	compressed_table	384	384	no	GCST90827411.tsv.gz-meta.yaml; md5sum.txt	Name; GCST90827411.tsv.gz; GCST90827411.tsv.gz-meta.yaml; md5sum.txt	
GCST90444287	comparator	Diastolic Blood Pressure	ftp://ftp.ebi.ac.uk/pub/databases/gwas/summary_statistics/GCST90444001-GCST90445000/GCST90444287	200	harmonised/GCST90444287.h.tsv.gz	harmonised	26M	27262976	yes	GCST90444287.tsv-meta.yaml; md5sum.txt; harmonised/GCST90444287.h.tsv.gz-meta.yaml; harmonised/md5sum.txt	Name; GCST90444287.tsv; GCST90444287.tsv-meta.yaml; harmonised/; md5sum.txt	
GCST90444308	comparator	Diastolic Blood Pressure	ftp://ftp.ebi.ac.uk/pub/databases/gwas/summary_statistics/GCST90444001-GCST90445000/GCST90444308	200	harmonised/GCST90444308.h.tsv.gz	harmonised	27M	28311552	yes	GCST90444308.tsv-meta.yaml; md5sum.txt; harmonised/GCST90444308.h.tsv.gz-meta.yaml; harmonised/md5sum.txt	Name; GCST90444308.tsv; GCST90444308.tsv-meta.yaml; harmonised/; md5sum.txt	
GCST90444330	comparator	Diastolic Blood Pressure	ftp://ftp.ebi.ac.uk/pub/databases/gwas/summary_statistics/GCST90444001-GCST90445000/GCST90444330	200	harmonised/GCST90444330.h.tsv.gz	harmonised	27M	28311552	yes	GCST90444330.tsv-meta.yaml; md5sum.txt; harmonised/GCST90444330.h.tsv.gz-meta.yaml; harmonised/md5sum.txt	Name; GCST90444330.tsv; GCST90444330.tsv-meta.yaml; harmonised/; md5sum.txt	
GCST90727486	comparator	Diastolic blood pressure - max	ftp://ftp.ebi.ac.uk/pub/databases/gwas/summary_statistics/GCST90727001-GCST90728000/GCST90727486	200	harmonised/GCST90727486.h.tsv.gz	harmonised	1.1G	1181116006	yes	GCST90727486.tsv-meta.yaml; md5sum.txt; harmonised/GCST90727486.h.tsv.gz-meta.yaml; harmonised/md5sum.txt	Name; GCST90727486.tsv; GCST90727486.tsv-meta.yaml; harmonised/; md5sum.txt	
GCST90727487	comparator	Diastolic blood pressure - median	ftp://ftp.ebi.ac.uk/pub/databases/gwas/summary_statistics/GCST90727001-GCST90728000/GCST90727487	200	harmonised/GCST90727487.h.tsv.gz	harmonised	1.1G	1181116006	yes	GCST90727487.tsv-meta.yaml; md5sum.txt; harmonised/GCST90727487.h.tsv.gz-meta.yaml; harmonised/md5sum.txt	Name; GCST90727487.tsv; GCST90727487.tsv-meta.yaml; harmonised/; md5sum.txt	
GCST90727488	comparator	Diastolic blood pressure - min	ftp://ftp.ebi.ac.uk/pub/databases/gwas/summary_statistics/GCST90727001-GCST90728000/GCST90727488	200	harmonised/GCST90727488.h.tsv.gz	harmonised	1.1G	1181116006	yes	GCST90727488.tsv-meta.yaml; md5sum.txt; harmonised/GCST90727488.h.tsv.gz-meta.yaml; harmonised/md5sum.txt	Name; GCST90727488.tsv; GCST90727488.tsv-meta.yaml; harmonised/; md5sum.txt	
GCST90827250	comparator	Diastolic blood pressure, automated reading	ftp://ftp.ebi.ac.uk/pub/databases/gwas/summary_statistics/GCST90827001-GCST90828000/GCST90827250	200	GCST90827250.tsv.gz	compressed_table	306	306	no	GCST90827250.tsv.gz-meta.yaml; md5sum.txt	Name; GCST90827250.tsv.gz; GCST90827250.tsv.gz-meta.yaml; md5sum.txt	
GCST90728040	comparator	Essential (ICD10 primary) hypertension (ICD10 I10)	ftp://ftp.ebi.ac.uk/pub/databases/gwas/summary_statistics/GCST90728001-GCST90729000/GCST90728040	200	harmonised/GCST90728040.h.tsv.gz	harmonised	1.1G	1181116006	yes	GCST90728040.tsv-meta.yaml; md5sum.txt; harmonised/GCST90728040.h.tsv.gz-meta.yaml; harmonised/md5sum.txt	Name; GCST90728040.tsv; GCST90728040.tsv-meta.yaml; harmonised/; md5sum.txt	
GCST90727966	comparator	Essential Hypertension	ftp://ftp.ebi.ac.uk/pub/databases/gwas/summary_statistics/GCST90727001-GCST90728000/GCST90727966	200	harmonised/GCST90727966.h.tsv.gz	harmonised	1.1G	1181116006	yes	GCST90727966.tsv-meta.yaml; md5sum.txt; harmonised/GCST90727966.h.tsv.gz-meta.yaml; harmonised/md5sum.txt	Name; GCST90727966.tsv; GCST90727966.tsv-meta.yaml; harmonised/; md5sum.txt	
GCST90826018	comparator	Ever had gout	ftp://ftp.ebi.ac.uk/pub/databases/gwas/summary_statistics/GCST90826001-GCST90827000/GCST90826018	200	GCST90826018.tsv.gz	compressed_table	420	420	no	GCST90826018.tsv.gz-meta.yaml; md5sum.txt	Name; GCST90826018.tsv.gz; GCST90826018.tsv.gz-meta.yaml; md5sum.txt	
GCST90444290	comparator	Glycated Hemoglobin	ftp://ftp.ebi.ac.uk/pub/databases/gwas/summary_statistics/GCST90444001-GCST90445000/GCST90444290	200	harmonised/GCST90444290.h.tsv.gz	harmonised	27M	28311552	yes	GCST90444290.tsv-meta.yaml; md5sum.txt; harmonised/GCST90444290.h.tsv.gz-meta.yaml; harmonised/md5sum.txt	Name; GCST90444290.tsv; GCST90444290.tsv-meta.yaml; harmonised/; md5sum.txt	
GCST90444312	comparator	Glycated Hemoglobin	ftp://ftp.ebi.ac.uk/pub/databases/gwas/summary_statistics/GCST90444001-GCST90445000/GCST90444312	200	harmonised/GCST90444312.h.tsv.gz	harmonised	27M	28311552	yes	GCST90444312.tsv-meta.yaml; md5sum.txt; harmonised/GCST90444312.h.tsv.gz-meta.yaml; harmonised/md5sum.txt	Name; GCST90444312.tsv; GCST90444312.tsv-meta.yaml; harmonised/; md5sum.txt	
GCST90444333	comparator	Glycated Hemoglobin	ftp://ftp.ebi.ac.uk/pub/databases/gwas/summary_statistics/GCST90444001-GCST90445000/GCST90444333	200	harmonised/GCST90444333.h.tsv.gz	harmonised	25M	26214400	yes	GCST90444333.tsv-meta.yaml; md5sum.txt; harmonised/GCST90444333.h.tsv.gz-meta.yaml; harmonised/md5sum.txt	Name; GCST90444333.tsv; GCST90444333.tsv-meta.yaml; harmonised/; md5sum.txt	
GCST90826001	comparator	Glycated haemoglobin (HbA1c)	ftp://ftp.ebi.ac.uk/pub/databases/gwas/summary_statistics/GCST90826001-GCST90827000/GCST90826001	200	GCST90826001.tsv.gz	compressed_table	410	410	no	GCST90826001.tsv.gz-meta.yaml; md5sum.txt	Name; GCST90826001.tsv.gz; GCST90826001.tsv.gz-meta.yaml; md5sum.txt	
GCST90827198	comparator	Glycated haemoglobin (HbA1c)	ftp://ftp.ebi.ac.uk/pub/databases/gwas/summary_statistics/GCST90827001-GCST90828000/GCST90827198	200	GCST90827198.tsv.gz	compressed_table	4.8K	4915	no	GCST90827198.tsv.gz-meta.yaml; md5sum.txt	Name; GCST90827198.tsv.gz; GCST90827198.tsv.gz-meta.yaml; md5sum.txt	
GCST90727958	comparator	Gout (GlobalBiobankMetaAnalysis codelist)	ftp://ftp.ebi.ac.uk/pub/databases/gwas/summary_statistics/GCST90727001-GCST90728000/GCST90727958	200	harmonised/GCST90727958.h.tsv.gz	harmonised	1.1G	1181116006	yes	GCST90727958.tsv-meta.yaml; md5sum.txt; harmonised/GCST90727958.h.tsv.gz-meta.yaml; harmonised/md5sum.txt	Name; GCST90727958.tsv; GCST90727958.tsv-meta.yaml; harmonised/; md5sum.txt	
GCST90728236	comparator	Gout (ICD10 M10)	ftp://ftp.ebi.ac.uk/pub/databases/gwas/summary_statistics/GCST90728001-GCST90729000/GCST90728236	200	harmonised/GCST90728236.h.tsv.gz	harmonised	1.1G	1181116006	yes	GCST90728236.tsv-meta.yaml; md5sum.txt; harmonised/GCST90728236.h.tsv.gz-meta.yaml; harmonised/md5sum.txt	Name; GCST90728236.tsv; GCST90728236.tsv-meta.yaml; harmonised/; md5sum.txt	
GCST90727981	comparator	Gout (MULTIPLY codelist)	ftp://ftp.ebi.ac.uk/pub/databases/gwas/summary_statistics/GCST90727001-GCST90728000/GCST90727981	200	harmonised/GCST90727981.h.tsv.gz	harmonised	1.1G	1181116006	yes	GCST90727981.tsv-meta.yaml; md5sum.txt; harmonised/GCST90727981.h.tsv.gz-meta.yaml; harmonised/md5sum.txt	Name; GCST90727981.tsv; GCST90727981.tsv-meta.yaml; harmonised/; md5sum.txt	
GCST90727540	comparator	Haemoglobin A1c (just mmol/L) - max	ftp://ftp.ebi.ac.uk/pub/databases/gwas/summary_statistics/GCST90727001-GCST90728000/GCST90727540	200	harmonised/GCST90727540.h.tsv.gz	harmonised	1.1G	1181116006	yes	GCST90727540.tsv-meta.yaml; md5sum.txt; harmonised/GCST90727540.h.tsv.gz-meta.yaml; harmonised/md5sum.txt	Name; GCST90727540.tsv; GCST90727540.tsv-meta.yaml; harmonised/; md5sum.txt	
GCST90727541	comparator	Haemoglobin A1c (just mmol/L) - median	ftp://ftp.ebi.ac.uk/pub/databases/gwas/summary_statistics/GCST90727001-GCST90728000/GCST90727541	200	harmonised/GCST90727541.h.tsv.gz	harmonised	1.1G	1181116006	yes	GCST90727541.tsv-meta.yaml; md5sum.txt; harmonised/GCST90727541.h.tsv.gz-meta.yaml; harmonised/md5sum.txt	Name; GCST90727541.tsv; GCST90727541.tsv-meta.yaml; harmonised/; md5sum.txt	
GCST90727542	comparator	Haemoglobin A1c (just mmol/L) - min	ftp://ftp.ebi.ac.uk/pub/databases/gwas/summary_statistics/GCST90727001-GCST90728000/GCST90727542	200	harmonised/GCST90727542.h.tsv.gz	harmonised	1.1G	1181116006	yes	GCST90727542.tsv-meta.yaml; md5sum.txt; harmonised/GCST90727542.h.tsv.gz-meta.yaml; harmonised/md5sum.txt	Name; GCST90727542.tsv; GCST90727542.tsv-meta.yaml; harmonised/; md5sum.txt	
GCST90728034	comparator	Hypertension (MULTIPLY codelist)	ftp://ftp.ebi.ac.uk/pub/databases/gwas/summary_statistics/GCST90728001-GCST90729000/GCST90728034	200	harmonised/GCST90728034.h.tsv.gz	harmonised	1.1G	1181116006	yes	GCST90728034.tsv-meta.yaml; md5sum.txt; harmonised/GCST90728034.h.tsv.gz-meta.yaml; harmonised/md5sum.txt	Name; GCST90728034.tsv; GCST90728034.tsv-meta.yaml; harmonised/; md5sum.txt	
GCST90728030	comparator	Hypertension all types (MGH definition)	ftp://ftp.ebi.ac.uk/pub/databases/gwas/summary_statistics/GCST90728001-GCST90729000/GCST90728030	200	harmonised/GCST90728030.h.tsv.gz	harmonised	1.1G	1181116006	yes	GCST90728030.tsv-meta.yaml; md5sum.txt; harmonised/GCST90728030.h.tsv.gz-meta.yaml; harmonised/md5sum.txt	Name; GCST90728030.tsv; GCST90728030.tsv-meta.yaml; harmonised/; md5sum.txt	
GCST90728458	comparator	Hypertension diagnosis (Quality and Outcomes Framework codes)	ftp://ftp.ebi.ac.uk/pub/databases/gwas/summary_statistics/GCST90728001-GCST90729000/GCST90728458	200	harmonised/GCST90728458.h.tsv.gz	harmonised	1.1G	1181116006	yes	GCST90728458.tsv-meta.yaml; md5sum.txt; harmonised/GCST90728458.h.tsv.gz-meta.yaml; harmonised/md5sum.txt	Name; GCST90728458.tsv; GCST90728458.tsv-meta.yaml; harmonised/; md5sum.txt	
GCST90826070	comparator	Non-cancer illness code, self-reported; gout	ftp://ftp.ebi.ac.uk/pub/databases/gwas/summary_statistics/GCST90826001-GCST90827000/GCST90826070	200	GCST90826070.tsv.gz	compressed_table	449	449	no	GCST90826070.tsv.gz-meta.yaml; md5sum.txt	Name; GCST90826070.tsv.gz; GCST90826070.tsv.gz-meta.yaml; md5sum.txt	
GCST90826053	comparator	Non-cancer illness code, self-reported; hypertension	ftp://ftp.ebi.ac.uk/pub/databases/gwas/summary_statistics/GCST90826001-GCST90827000/GCST90826053	200	GCST90826053.tsv.gz	compressed_table	357	357	no	GCST90826053.tsv.gz-meta.yaml; md5sum.txt	Name; GCST90826053.tsv.gz; GCST90826053.tsv.gz-meta.yaml; md5sum.txt	
GCST90727872	comparator	Obesity (ICD10 E66)	ftp://ftp.ebi.ac.uk/pub/databases/gwas/summary_statistics/GCST90727001-GCST90728000/GCST90727872	200	harmonised/GCST90727872.h.tsv.gz	harmonised	1.1G	1181116006	yes	GCST90727872.tsv-meta.yaml; md5sum.txt; harmonised/GCST90727872.h.tsv.gz-meta.yaml; harmonised/md5sum.txt	Name; GCST90727872.tsv; GCST90727872.tsv-meta.yaml; harmonised/; md5sum.txt	
GCST90728401	comparator	Obesity (MULTIPLY codelist)	ftp://ftp.ebi.ac.uk/pub/databases/gwas/summary_statistics/GCST90728001-GCST90729000/GCST90728401	200	harmonised/GCST90728401.h.tsv.gz	harmonised	1.1G	1181116006	yes	GCST90728401.tsv-meta.yaml; md5sum.txt; harmonised/GCST90728401.h.tsv.gz-meta.yaml; harmonised/md5sum.txt	Name; GCST90728401.tsv; GCST90728401.tsv-meta.yaml; harmonised/; md5sum.txt	
GCST90444296	comparator	Systolic Blood Pressure	ftp://ftp.ebi.ac.uk/pub/databases/gwas/summary_statistics/GCST90444001-GCST90445000/GCST90444296	200	harmonised/GCST90444296.h.tsv.gz	harmonised	26M	27262976	yes	GCST90444296.tsv-meta.yaml; md5sum.txt; harmonised/GCST90444296.h.tsv.gz-meta.yaml; harmonised/md5sum.txt	Name; GCST90444296.tsv; GCST90444296.tsv-meta.yaml; harmonised/; md5sum.txt	
GCST90444318	comparator	Systolic Blood Pressure	ftp://ftp.ebi.ac.uk/pub/databases/gwas/summary_statistics/GCST90444001-GCST90445000/GCST90444318	200	harmonised/GCST90444318.h.tsv.gz	harmonised	27M	28311552	yes	GCST90444318.tsv-meta.yaml; md5sum.txt; harmonised/GCST90444318.h.tsv.gz-meta.yaml; harmonised/md5sum.txt	Name; GCST90444318.tsv; GCST90444318.tsv-meta.yaml; harmonised/; md5sum.txt	
GCST90444339	comparator	Systolic Blood Pressure	ftp://ftp.ebi.ac.uk/pub/databases/gwas/summary_statistics/GCST90444001-GCST90445000/GCST90444339	200	harmonised/GCST90444339.h.tsv.gz	harmonised	27M	28311552	yes	GCST90444339.tsv-meta.yaml; md5sum.txt; harmonised/GCST90444339.h.tsv.gz-meta.yaml; harmonised/md5sum.txt	Name; GCST90444339.tsv; GCST90444339.tsv-meta.yaml; harmonised/; md5sum.txt	
GCST90727681	comparator	Systolic blood pressure - max	ftp://ftp.ebi.ac.uk/pub/databases/gwas/summary_statistics/GCST90727001-GCST90728000/GCST90727681	200	harmonised/GCST90727681.h.tsv.gz	harmonised	1.1G	1181116006	yes	GCST90727681.tsv-meta.yaml; md5sum.txt; harmonised/GCST90727681.h.tsv.gz-meta.yaml; harmonised/md5sum.txt	Name; GCST90727681.tsv; GCST90727681.tsv-meta.yaml; harmonised/; md5sum.txt	
GCST90727682	comparator	Systolic blood pressure - median	ftp://ftp.ebi.ac.uk/pub/databases/gwas/summary_statistics/GCST90727001-GCST90728000/GCST90727682	200	harmonised/GCST90727682.h.tsv.gz	harmonised	1.1G	1181116006	yes	GCST90727682.tsv-meta.yaml; md5sum.txt; harmonised/GCST90727682.h.tsv.gz-meta.yaml; harmonised/md5sum.txt	Name; GCST90727682.tsv; GCST90727682.tsv-meta.yaml; harmonised/; md5sum.txt	
GCST90727683	comparator	Systolic blood pressure - min	ftp://ftp.ebi.ac.uk/pub/databases/gwas/summary_statistics/GCST90727001-GCST90728000/GCST90727683	200	harmonised/GCST90727683.h.tsv.gz	harmonised	1.1G	1181116006	yes	GCST90727683.tsv-meta.yaml; md5sum.txt; harmonised/GCST90727683.h.tsv.gz-meta.yaml; harmonised/md5sum.txt	Name; GCST90727683.tsv; GCST90727683.tsv-meta.yaml; harmonised/; md5sum.txt	
GCST90827251	comparator	Systolic blood pressure, automated reading	ftp://ftp.ebi.ac.uk/pub/databases/gwas/summary_statistics/GCST90827001-GCST90828000/GCST90827251	200	GCST90827251.tsv.gz	compressed_table	627	627	no	GCST90827251.tsv.gz-meta.yaml; md5sum.txt	Name; GCST90827251.tsv.gz; GCST90827251.tsv.gz-meta.yaml; md5sum.txt	
GCST90727955	comparator	Type 2 Diabetes (GenomicsPLC codelist)	ftp://ftp.ebi.ac.uk/pub/databases/gwas/summary_statistics/GCST90727001-GCST90728000/GCST90727955	200	harmonised/GCST90727955.h.tsv.gz	harmonised	1.1G	1181116006	yes	GCST90727955.tsv-meta.yaml; md5sum.txt; harmonised/GCST90727955.h.tsv.gz-meta.yaml; harmonised/md5sum.txt	Name; GCST90727955.tsv; GCST90727955.tsv-meta.yaml; harmonised/; md5sum.txt	
GCST90728496	comparator	Type 2 Diabetes (MULTIPLY codelist)	ftp://ftp.ebi.ac.uk/pub/databases/gwas/summary_statistics/GCST90728001-GCST90729000/GCST90728496	200	harmonised/GCST90728496.h.tsv.gz	harmonised	1.1G	1181116006	yes	GCST90728496.tsv-meta.yaml; md5sum.txt; harmonised/GCST90728496.h.tsv.gz-meta.yaml; harmonised/md5sum.txt	Name; GCST90728496.tsv; GCST90728496.tsv-meta.yaml; harmonised/; md5sum.txt	
GCST90727860	comparator	Type 2 diabetes mellitus (ICD10 E11)	ftp://ftp.ebi.ac.uk/pub/databases/gwas/summary_statistics/GCST90727001-GCST90728000/GCST90727860	200	harmonised/GCST90727860.h.tsv.gz	harmonised	1.1G	1181116006	yes	GCST90727860.tsv-meta.yaml; md5sum.txt; harmonised/GCST90727860.h.tsv.gz-meta.yaml; harmonised/md5sum.txt	Name; GCST90727860.tsv; GCST90727860.tsv-meta.yaml; harmonised/; md5sum.txt	
GCST90827215	comparator	Urate	ftp://ftp.ebi.ac.uk/pub/databases/gwas/summary_statistics/GCST90827001-GCST90828000/GCST90827215	200	GCST90827215.tsv.gz	compressed_table	2.9K	2969	no	GCST90827215.tsv.gz-meta.yaml; md5sum.txt	Name; GCST90827215.tsv.gz; GCST90827215.tsv.gz-meta.yaml; md5sum.txt	
GCST90726485	comparator	Urate (umol/L)	ftp://ftp.ebi.ac.uk/pub/databases/gwas/summary_statistics/GCST90726001-GCST90727000/GCST90726485	200	harmonised/GCST90726485.h.tsv.gz	harmonised	391M	409993216	yes	GCST90726485.tsv.gz-meta.yaml; md5sum.txt; harmonised/GCST90726485.h.tsv.gz-meta.yaml; harmonised/md5sum.txt	Name; GCST90726485.tsv.gz; GCST90726485.tsv.gz-meta.yaml; harmonised/; md5sum.txt	
GCST90726486	comparator	Urate (umol/L)	ftp://ftp.ebi.ac.uk/pub/databases/gwas/summary_statistics/GCST90726001-GCST90727000/GCST90726486	200	harmonised/GCST90726486.h.tsv.gz	harmonised	183M	191889408	yes	GCST90726486.tsv.gz-meta.yaml; md5sum.txt; harmonised/GCST90726486.h.tsv.gz-meta.yaml; harmonised/md5sum.txt	Name; GCST90726486.tsv.gz; GCST90726486.tsv.gz-meta.yaml; harmonised/; md5sum.txt	
GCST90727705	comparator	Urate - max	ftp://ftp.ebi.ac.uk/pub/databases/gwas/summary_statistics/GCST90727001-GCST90728000/GCST90727705	200	harmonised/GCST90727705.h.tsv.gz	harmonised	742M	778043392	yes	GCST90727705.tsv-meta.yaml; md5sum.txt; harmonised/GCST90727705.h.tsv.gz-meta.yaml; harmonised/md5sum.txt	Name; GCST90727705.tsv; GCST90727705.tsv-meta.yaml; harmonised/; md5sum.txt	
GCST90727706	comparator	Urate - median	ftp://ftp.ebi.ac.uk/pub/databases/gwas/summary_statistics/GCST90727001-GCST90728000/GCST90727706	200	harmonised/GCST90727706.h.tsv.gz	harmonised	742M	778043392	yes	GCST90727706.tsv-meta.yaml; md5sum.txt; harmonised/GCST90727706.h.tsv.gz-meta.yaml; harmonised/md5sum.txt	Name; GCST90727706.tsv; GCST90727706.tsv-meta.yaml; harmonised/; md5sum.txt	
GCST90727707	comparator	Urate - min	ftp://ftp.ebi.ac.uk/pub/databases/gwas/summary_statistics/GCST90727001-GCST90728000/GCST90727707	200	harmonised/GCST90727707.h.tsv.gz	harmonised	742M	778043392	yes	GCST90727707.tsv-meta.yaml; md5sum.txt; harmonised/GCST90727707.h.tsv.gz-meta.yaml; harmonised/md5sum.txt	Name; GCST90727707.tsv; GCST90727707.tsv-meta.yaml; harmonised/; md5sum.txt	
GCST90310252	comparator	central systolic blood pressure (cSBP)	ftp://ftp.ebi.ac.uk/pub/databases/gwas/summary_statistics/GCST90310001-GCST90311000/GCST90310252	200	GCST90310252.tsv.gz	compressed_table	2.2M	2306867	no	GCST90310252.tsv.gz-meta.yaml; md5sum.txt	Name; GCST90310252.tsv.gz; GCST90310252.tsv.gz-meta.yaml; md5sum.txt	
GCST90310249	comparator	diastolicblood pressure(DBP)	ftp://ftp.ebi.ac.uk/pub/databases/gwas/summary_statistics/GCST90310001-GCST90311000/GCST90310249	200	GCST90310249.tsv.gz	compressed_table	2.2M	2306867	no	GCST90310249.tsv.gz-meta.yaml; md5sum.txt	Name; GCST90310249.tsv.gz; GCST90310249.tsv.gz-meta.yaml; md5sum.txt	
GCST90301210	comparator	hbA1c	ftp://ftp.ebi.ac.uk/pub/databases/gwas/summary_statistics/GCST90301001-GCST90302000/GCST90301210	200	harmonised/GCST90301210.h.tsv.gz	harmonised	540M	566231040	yes	GCST90301210.tsv-meta.yaml; md5sum.txt; harmonised/GCST90301210.h.tsv.gz-meta.yaml; harmonised/md5sum.txt	Name; GCST90301210.tsv; GCST90301210.tsv-meta.yaml; harmonised/; md5sum.txt	
GCST90301211	comparator	hbA1c	ftp://ftp.ebi.ac.uk/pub/databases/gwas/summary_statistics/GCST90301001-GCST90302000/GCST90301211	200	harmonised/GCST90301211.h.tsv.gz	harmonised	540M	566231040	yes	GCST90301211.tsv-meta.yaml; md5sum.txt; harmonised/GCST90301211.h.tsv.gz-meta.yaml; harmonised/md5sum.txt	Name; GCST90301211.tsv; GCST90301211.tsv-meta.yaml; harmonised/; md5sum.txt	
GCST90370243	comparator	in-silico score for coronary artery disease	ftp://ftp.ebi.ac.uk/pub/databases/gwas/summary_statistics/GCST90370001-GCST90371000/GCST90370243	200	GCST90370243.tsv.gz	compressed_table	72M	75497472	no	GCST90370243.tsv.gz-meta.yaml; md5sum.txt	Name; GCST90370243.tsv.gz; GCST90370243.tsv.gz-meta.yaml; md5sum.txt	
GCST90370244	comparator	in-silico score for coronary artery disease	ftp://ftp.ebi.ac.uk/pub/databases/gwas/summary_statistics/GCST90370001-GCST90371000/GCST90370244	200	GCST90370244.tsv.gz	compressed_table	229K	234496	no	GCST90370244.tsv.gz-meta.yaml; md5sum.txt	Name; GCST90370244.tsv.gz; GCST90370244.tsv.gz-meta.yaml; md5sum.txt	
GCST90310251	comparator	pulse pressure (PP)	ftp://ftp.ebi.ac.uk/pub/databases/gwas/summary_statistics/GCST90310001-GCST90311000/GCST90310251	200	GCST90310251.tsv.gz	compressed_table	2.2M	2306867	no	GCST90310251.tsv.gz-meta.yaml; md5sum.txt	Name; GCST90310251.tsv.gz; GCST90310251.tsv.gz-meta.yaml; md5sum.txt	
GCST90164255	comparator	urate	ftp://ftp.ebi.ac.uk/pub/databases/gwas/summary_statistics/GCST90164001-GCST90165000/GCST90164255	200	harmonised/GCST90164255.h.tsv.gz	harmonised	257M	269484032	yes	GCST90164255_buildGRCh38.tsv.gz-meta.yaml; md5sum.txt; harmonised/GCST90164255.h.tsv.gz-meta.yaml; harmonised/md5sum.txt	Name; GCST90164255_buildGRCh38.tsv.gz; GCST90164255_buildGRCh38.tsv.gz-meta.yaml; README.txt; harmonised/; md5sum.txt	
GCST90164860	comparator	urate	ftp://ftp.ebi.ac.uk/pub/databases/gwas/summary_statistics/GCST90164001-GCST90165000/GCST90164860	404					no			ERROR: 404 Client Error: Not Found for url: https://ftp.ebi.ac.uk/pub/databases/gwas/summary_statistics/GCST90164001-GCST90165000/GCST90164860/
GCST90301232	comparator	urate	ftp://ftp.ebi.ac.uk/pub/databases/gwas/summary_statistics/GCST90301001-GCST90302000/GCST90301232	200	harmonised/GCST90301232.h.tsv.gz	harmonised	540M	566231040	yes	GCST90301232.tsv-meta.yaml; md5sum.txt; harmonised/GCST90301232.h.tsv.gz-meta.yaml; harmonised/md5sum.txt	Name; GCST90301232.tsv; GCST90301232.tsv-meta.yaml; harmonised/; md5sum.txt	
GCST90301233	comparator	urate	ftp://ftp.ebi.ac.uk/pub/databases/gwas/summary_statistics/GCST90301001-GCST90302000/GCST90301233	200	harmonised/GCST90301233.h.tsv.gz	harmonised	540M	566231040	yes	GCST90301233.tsv-meta.yaml; md5sum.txt; harmonised/GCST90301233.h.tsv.gz-meta.yaml; harmonised/md5sum.txt	Name; GCST90301233.tsv; GCST90301233.tsv-meta.yaml; harmonised/; md5sum.txt	
GCST90566356	comparator	z-score of body mass index [kg/m^2]	ftp://ftp.ebi.ac.uk/pub/databases/gwas/summary_statistics/GCST90566001-GCST90567000/GCST90566356	200	GCST90566356.tsv	plain_table	277M	290455552	no	GCST90566356.tsv-meta.yaml; md5sum.txt	Name; GCST90566356.tsv; GCST90566356.tsv-meta.yaml; md5sum.txt	
GCST90566357	comparator	z-score of diastolic blood pressure	ftp://ftp.ebi.ac.uk/pub/databases/gwas/summary_statistics/GCST90566001-GCST90567000/GCST90566357	200	GCST90566357.tsv	plain_table	281M	294649856	no	GCST90566357.tsv-meta.yaml; md5sum.txt	Name; GCST90566357.tsv; GCST90566357.tsv-meta.yaml; md5sum.txt	
GCST90566367	comparator	z-score of systolic blood pressure	ftp://ftp.ebi.ac.uk/pub/databases/gwas/summary_statistics/GCST90566001-GCST90567000/GCST90566367	200	GCST90566367.tsv	plain_table	281M	294649856	no	GCST90566367.tsv-meta.yaml; md5sum.txt	Name; GCST90566367.tsv; GCST90566367.tsv-meta.yaml; md5sum.txt	
GCST90728289	kidney	Acute renal failure (ICD10 N17)	ftp://ftp.ebi.ac.uk/pub/databases/gwas/summary_statistics/GCST90728001-GCST90729000/GCST90728289	200	harmonised/GCST90728289.h.tsv.gz	harmonised	1.1G	1181116006	yes	GCST90728289.tsv-meta.yaml; md5sum.txt; harmonised/GCST90728289.h.tsv.gz-meta.yaml; harmonised/md5sum.txt	Name; GCST90728289.tsv; GCST90728289.tsv-meta.yaml; harmonised/; md5sum.txt	
GCST90728281	kidney	Chronic Kidney Disease (MGH definition)	ftp://ftp.ebi.ac.uk/pub/databases/gwas/summary_statistics/GCST90728001-GCST90729000/GCST90728281	200	harmonised/GCST90728281.h.tsv.gz	harmonised	1.1G	1181116006	yes	GCST90728281.tsv-meta.yaml; md5sum.txt; harmonised/GCST90728281.h.tsv.gz-meta.yaml; harmonised/md5sum.txt	Name; GCST90728281.tsv; GCST90728281.tsv-meta.yaml; harmonised/; md5sum.txt	
GCST90727806	kidney	Chronic Kidney Disease (MULTIPLY codelist)	ftp://ftp.ebi.ac.uk/pub/databases/gwas/summary_statistics/GCST90727001-GCST90728000/GCST90727806	200	harmonised/GCST90727806.h.tsv.gz	harmonised	1.1G	1181116006	yes	GCST90727806.tsv-meta.yaml; md5sum.txt; harmonised/GCST90727806.h.tsv.gz-meta.yaml; harmonised/md5sum.txt	Name; GCST90727806.tsv; GCST90727806.tsv-meta.yaml; harmonised/; md5sum.txt	
GCST90728449	kidney	Chronic kidney disease (CKD) stage 1-2 (Quality and Outcomes Framework codes)	ftp://ftp.ebi.ac.uk/pub/databases/gwas/summary_statistics/GCST90728001-GCST90729000/GCST90728449	200	harmonised/GCST90728449.h.tsv.gz	harmonised	1.1G	1181116006	yes	GCST90728449.tsv-meta.yaml; md5sum.txt; harmonised/GCST90728449.h.tsv.gz-meta.yaml; harmonised/md5sum.txt	Name; GCST90728449.tsv; GCST90728449.tsv-meta.yaml; harmonised/; md5sum.txt	
GCST90728450	kidney	Chronic kidney disease (CKD) stage 3-5 (Quality and Outcomes Framework codes)	ftp://ftp.ebi.ac.uk/pub/databases/gwas/summary_statistics/GCST90728001-GCST90729000/GCST90728450	200	harmonised/GCST90728450.h.tsv.gz	harmonised	1.1G	1181116006	yes	GCST90728450.tsv-meta.yaml; md5sum.txt; harmonised/GCST90728450.h.tsv.gz-meta.yaml; harmonised/md5sum.txt	Name; GCST90728450.tsv; GCST90728450.tsv-meta.yaml; harmonised/; md5sum.txt	
GCST90728290	kidney	Chronic kidney disease (ICD10 N18)	ftp://ftp.ebi.ac.uk/pub/databases/gwas/summary_statistics/GCST90728001-GCST90729000/GCST90728290	200	harmonised/GCST90728290.h.tsv.gz	harmonised	1.1G	1181116006	yes	GCST90728290.tsv-meta.yaml; md5sum.txt; harmonised/GCST90728290.h.tsv.gz-meta.yaml; harmonised/md5sum.txt	Name; GCST90728290.tsv; GCST90728290.tsv-meta.yaml; harmonised/; md5sum.txt	
GCST90447114	kidney	Creatinine	ftp://ftp.ebi.ac.uk/pub/databases/gwas/summary_statistics/GCST90447001-GCST90448000/GCST90447114	200	GCST90447114.tsv	plain_table	673M	705691648	no	GCST90447114.tsv-meta.yaml; md5sum.txt	Name; GCST90447114.tsv; GCST90447114.tsv-meta.yaml; md5sum.txt	
GCST90449375	kidney	Creatinine	ftp://ftp.ebi.ac.uk/pub/databases/gwas/summary_statistics/GCST90449001-GCST90450000/GCST90449375	200	GCST90449375.tsv.gz	compressed_table	869M	911212544	no	GCST90449375.tsv.gz-meta.yaml; md5sum.txt	Name; GCST90449375.tsv.gz; GCST90449375.tsv.gz-meta.yaml; md5sum.txt	
GCST90449624	kidney	Creatinine	ftp://ftp.ebi.ac.uk/pub/databases/gwas/summary_statistics/GCST90449001-GCST90450000/GCST90449624	200	GCST90449624.tsv.gz	compressed_table	3.1G	3328599654	no	GCST90449624.tsv.gz-meta.yaml; md5sum.txt	Name; GCST90449624.tsv.gz; GCST90449624.tsv.gz-meta.yaml; md5sum.txt	
GCST90449873	kidney	Creatinine	ftp://ftp.ebi.ac.uk/pub/databases/gwas/summary_statistics/GCST90449001-GCST90450000/GCST90449873	200	GCST90449873.tsv.gz	compressed_table	873M	915406848	no	GCST90449873.tsv.gz-meta.yaml; md5sum.txt	Name; GCST90449873.tsv.gz; GCST90449873.tsv.gz-meta.yaml; md5sum.txt	
GCST90450122	kidney	Creatinine	ftp://ftp.ebi.ac.uk/pub/databases/gwas/summary_statistics/GCST90450001-GCST90451000/GCST90450122	200	GCST90450122.tsv.gz	compressed_table	322M	337641472	no	GCST90450122.tsv.gz-meta.yaml; md5sum.txt	Name; GCST90450122.tsv.gz; GCST90450122.tsv.gz-meta.yaml; md5sum.txt	
GCST90450371	kidney	Creatinine	ftp://ftp.ebi.ac.uk/pub/databases/gwas/summary_statistics/GCST90450001-GCST90451000/GCST90450371	200	GCST90450371.tsv.gz	compressed_table	579M	607125504	no	GCST90450371.tsv.gz-meta.yaml; md5sum.txt	Name; GCST90450371.tsv.gz; GCST90450371.tsv.gz-meta.yaml; md5sum.txt	
GCST90450620	kidney	Creatinine	ftp://ftp.ebi.ac.uk/pub/databases/gwas/summary_statistics/GCST90450001-GCST90451000/GCST90450620	200	GCST90450620.tsv.gz	compressed_table	346M	362807296	no	GCST90450620.tsv.gz-meta.yaml; md5sum.txt	Name; GCST90450620.tsv.gz; GCST90450620.tsv.gz-meta.yaml; md5sum.txt	
GCST90450869	kidney	Creatinine	ftp://ftp.ebi.ac.uk/pub/databases/gwas/summary_statistics/GCST90450001-GCST90451000/GCST90450869	200	GCST90450869.tsv.gz	compressed_table	434M	455081984	no	GCST90450869.tsv.gz-meta.yaml; md5sum.txt	Name; GCST90450869.tsv.gz; GCST90450869.tsv.gz-meta.yaml; md5sum.txt	
GCST90451118	kidney	Creatinine	ftp://ftp.ebi.ac.uk/pub/databases/gwas/summary_statistics/GCST90451001-GCST90452000/GCST90451118	200	GCST90451118.tsv.gz	compressed_table	3.4G	3650722201	no	GCST90451118.tsv.gz-meta.yaml; md5sum.txt	Name; GCST90451118.tsv.gz; GCST90451118.tsv.gz-meta.yaml; md5sum.txt	
GCST90451367	kidney	Creatinine	ftp://ftp.ebi.ac.uk/pub/databases/gwas/summary_statistics/GCST90451001-GCST90452000/GCST90451367	200	GCST90451367.tsv.gz	compressed_table	4.7G	5046586572	no	GCST90451367.tsv.gz-meta.yaml; md5sum.txt	Name; GCST90451367.tsv.gz; GCST90451367.tsv.gz-meta.yaml; md5sum.txt	
GCST90709314	kidney	Creatinine	ftp://ftp.ebi.ac.uk/pub/databases/gwas/summary_statistics/GCST90709001-GCST90710000/GCST90709314	200	harmonised/GCST90709314.h.tsv.gz	harmonised	327M	342884352	yes	GCST90709314.tsv.gz-meta.yaml; md5sum.txt; harmonised/GCST90709314.h.tsv.gz-meta.yaml; harmonised/md5sum.txt	Name; GCST90709314.tsv.gz; GCST90709314.tsv.gz-meta.yaml; harmonised/; md5sum.txt	
GCST90709562	kidney	Creatinine	ftp://ftp.ebi.ac.uk/pub/databases/gwas/summary_statistics/GCST90709001-GCST90710000/GCST90709562	200	harmonised/GCST90709562.h.tsv.gz	harmonised	188M	197132288	yes	GCST90709562.tsv.gz-meta.yaml; md5sum.txt; harmonised/GCST90709562.h.tsv.gz-meta.yaml; harmonised/md5sum.txt	Name; GCST90709562.tsv.gz; GCST90709562.tsv.gz-meta.yaml; harmonised/; md5sum.txt	
GCST90827193	kidney	Creatinine	ftp://ftp.ebi.ac.uk/pub/databases/gwas/summary_statistics/GCST90827001-GCST90828000/GCST90827193	200	GCST90827193.tsv.gz	compressed_table	9.2K	9420	no	GCST90827193.tsv.gz-meta.yaml; md5sum.txt	Name; GCST90827193.tsv.gz; GCST90827193.tsv.gz-meta.yaml; md5sum.txt	
GCST90726449	kidney	Creatinine (umol/L)	ftp://ftp.ebi.ac.uk/pub/databases/gwas/summary_statistics/GCST90726001-GCST90727000/GCST90726449	200	harmonised/GCST90726449.h.tsv.gz	harmonised	391M	409993216	yes	GCST90726449.tsv.gz-meta.yaml; md5sum.txt; harmonised/GCST90726449.h.tsv.gz-meta.yaml; harmonised/md5sum.txt	Name; GCST90726449.tsv.gz; GCST90726449.tsv.gz-meta.yaml; harmonised/; md5sum.txt	
GCST90726450	kidney	Creatinine (umol/L)	ftp://ftp.ebi.ac.uk/pub/databases/gwas/summary_statistics/GCST90726001-GCST90727000/GCST90726450	200	harmonised/GCST90726450.h.tsv.gz	harmonised	182M	190840832	yes	GCST90726450.tsv.gz-meta.yaml; md5sum.txt; harmonised/GCST90726450.h.tsv.gz-meta.yaml; harmonised/md5sum.txt	Name; GCST90726450.tsv.gz; GCST90726450.tsv.gz-meta.yaml; harmonised/; md5sum.txt	
GCST90727480	kidney	Creatinine - max	ftp://ftp.ebi.ac.uk/pub/databases/gwas/summary_statistics/GCST90727001-GCST90728000/GCST90727480	200	harmonised/GCST90727480.h.tsv.gz	harmonised	1.1G	1181116006	yes	GCST90727480.tsv-meta.yaml; md5sum.txt; harmonised/GCST90727480.h.tsv.gz-meta.yaml; harmonised/md5sum.txt	Name; GCST90727480.tsv; GCST90727480.tsv-meta.yaml; harmonised/; md5sum.txt	
GCST90727481	kidney	Creatinine - median	ftp://ftp.ebi.ac.uk/pub/databases/gwas/summary_statistics/GCST90727001-GCST90728000/GCST90727481	200	harmonised/GCST90727481.h.tsv.gz	harmonised	1.1G	1181116006	yes	GCST90727481.tsv-meta.yaml; md5sum.txt; harmonised/GCST90727481.h.tsv.gz-meta.yaml; harmonised/md5sum.txt	Name; GCST90727481.tsv; GCST90727481.tsv-meta.yaml; harmonised/; md5sum.txt	
GCST90727482	kidney	Creatinine - min	ftp://ftp.ebi.ac.uk/pub/databases/gwas/summary_statistics/GCST90727001-GCST90728000/GCST90727482	200	harmonised/GCST90727482.h.tsv.gz	harmonised	1.1G	1181116006	yes	GCST90727482.tsv-meta.yaml; md5sum.txt; harmonised/GCST90727482.h.tsv.gz-meta.yaml; harmonised/md5sum.txt	Name; GCST90727482.tsv; GCST90727482.tsv-meta.yaml; harmonised/; md5sum.txt	
GCST90827195	kidney	Cystatin C	ftp://ftp.ebi.ac.uk/pub/databases/gwas/summary_statistics/GCST90827001-GCST90828000/GCST90827195	200	GCST90827195.tsv.gz	compressed_table	16K	16384	no	GCST90827195.tsv.gz-meta.yaml; md5sum.txt	Name; GCST90827195.tsv.gz; GCST90827195.tsv.gz-meta.yaml; md5sum.txt	
GCST90726453	kidney	Cystatin C (mg/L)	ftp://ftp.ebi.ac.uk/pub/databases/gwas/summary_statistics/GCST90726001-GCST90727000/GCST90726453	200	harmonised/GCST90726453.h.tsv.gz	harmonised	392M	411041792	yes	GCST90726453.tsv.gz-meta.yaml; md5sum.txt; harmonised/GCST90726453.h.tsv.gz-meta.yaml; harmonised/md5sum.txt	Name; GCST90726453.tsv.gz; GCST90726453.tsv.gz-meta.yaml; harmonised/; md5sum.txt	
GCST90726454	kidney	Cystatin C (mg/L)	ftp://ftp.ebi.ac.uk/pub/databases/gwas/summary_statistics/GCST90726001-GCST90727000/GCST90726454	200	harmonised/GCST90726454.h.tsv.gz	harmonised	183M	191889408	yes	GCST90726454.tsv.gz-meta.yaml; md5sum.txt; harmonised/GCST90726454.h.tsv.gz-meta.yaml; harmonised/md5sum.txt	Name; GCST90726454.tsv.gz; GCST90726454.tsv.gz-meta.yaml; harmonised/; md5sum.txt	
GCST90827426	kidney	Diagnoses - ICD10; N17 Acute renal failure	ftp://ftp.ebi.ac.uk/pub/databases/gwas/summary_statistics/GCST90827001-GCST90828000/GCST90827426	200	GCST90827426.tsv.gz	compressed_table	2.2K	2252	no	GCST90827426.tsv.gz-meta.yaml; md5sum.txt	Name; GCST90827426.tsv.gz; GCST90827426.tsv.gz-meta.yaml; md5sum.txt	
GCST90827425	kidney	Diagnoses - ICD10; N17.9 Acute renal failure, unspecified	ftp://ftp.ebi.ac.uk/pub/databases/gwas/summary_statistics/GCST90827001-GCST90828000/GCST90827425	200	GCST90827425.tsv.gz	compressed_table	2.2K	2252	no	GCST90827425.tsv.gz-meta.yaml; md5sum.txt	Name; GCST90827425.tsv.gz; GCST90827425.tsv.gz-meta.yaml; md5sum.txt	
GCST90727881	kidney	End stage renal disease	ftp://ftp.ebi.ac.uk/pub/databases/gwas/summary_statistics/GCST90727001-GCST90728000/GCST90727881	200	harmonised/GCST90727881.h.tsv.gz	harmonised	1.1G	1181116006	yes	GCST90727881.tsv-meta.yaml; md5sum.txt; harmonised/GCST90727881.h.tsv.gz-meta.yaml; harmonised/md5sum.txt	Name; GCST90727881.tsv; GCST90727881.tsv-meta.yaml; harmonised/; md5sum.txt	
GCST90727492	kidney	Estimated glomerular filtration rate - max	ftp://ftp.ebi.ac.uk/pub/databases/gwas/summary_statistics/GCST90727001-GCST90728000/GCST90727492	200	harmonised/GCST90727492.h.tsv.gz	harmonised	1.1G	1181116006	yes	GCST90727492.tsv-meta.yaml; md5sum.txt; harmonised/GCST90727492.h.tsv.gz-meta.yaml; harmonised/md5sum.txt	Name; GCST90727492.tsv; GCST90727492.tsv-meta.yaml; harmonised/; md5sum.txt	
GCST90727493	kidney	Estimated glomerular filtration rate - median	ftp://ftp.ebi.ac.uk/pub/databases/gwas/summary_statistics/GCST90727001-GCST90728000/GCST90727493	200	harmonised/GCST90727493.h.tsv.gz	harmonised	1.1G	1181116006	yes	GCST90727493.tsv-meta.yaml; md5sum.txt; harmonised/GCST90727493.h.tsv.gz-meta.yaml; harmonised/md5sum.txt	Name; GCST90727493.tsv; GCST90727493.tsv-meta.yaml; harmonised/; md5sum.txt	
GCST90727494	kidney	Estimated glomerular filtration rate - min	ftp://ftp.ebi.ac.uk/pub/databases/gwas/summary_statistics/GCST90727001-GCST90728000/GCST90727494	200	harmonised/GCST90727494.h.tsv.gz	harmonised	1.1G	1181116006	yes	GCST90727494.tsv-meta.yaml; md5sum.txt; harmonised/GCST90727494.h.tsv.gz-meta.yaml; harmonised/md5sum.txt	Name; GCST90727494.tsv; GCST90727494.tsv-meta.yaml; harmonised/; md5sum.txt	
GCST90728352	kidney	Gestational [pregnancy-induced] oedema and proteinuria without hypertension (ICD10 O12)	ftp://ftp.ebi.ac.uk/pub/databases/gwas/summary_statistics/GCST90728001-GCST90729000/GCST90728352	200	harmonised/GCST90728352.h.tsv.gz	harmonised	1.1G	1181116006	yes	GCST90728352.tsv-meta.yaml; md5sum.txt; harmonised/GCST90728352.h.tsv.gz-meta.yaml; harmonised/md5sum.txt	Name; GCST90728352.tsv; GCST90728352.tsv-meta.yaml; harmonised/; md5sum.txt	
GCST90728460	kidney	Microalbuminuria	ftp://ftp.ebi.ac.uk/pub/databases/gwas/summary_statistics/GCST90728001-GCST90729000/GCST90728460	200	harmonised/GCST90728460.h.tsv.gz	harmonised	1.1G	1181116006	yes	GCST90728460.tsv-meta.yaml; md5sum.txt; harmonised/GCST90728460.h.tsv.gz-meta.yaml; harmonised/md5sum.txt	Name; GCST90728460.tsv; GCST90728460.tsv-meta.yaml; harmonised/; md5sum.txt	
GCST90728465	kidney	Proteinuria	ftp://ftp.ebi.ac.uk/pub/databases/gwas/summary_statistics/GCST90728001-GCST90729000/GCST90728465	200	harmonised/GCST90728465.h.tsv.gz	harmonised	1.1G	1181116006	yes	GCST90728465.tsv-meta.yaml; md5sum.txt; harmonised/GCST90728465.h.tsv.gz-meta.yaml; harmonised/md5sum.txt	Name; GCST90728465.tsv; GCST90728465.tsv-meta.yaml; harmonised/; md5sum.txt	
GCST90728291	kidney	Unspecified kidney failure (ICD10 N19)	ftp://ftp.ebi.ac.uk/pub/databases/gwas/summary_statistics/GCST90728001-GCST90729000/GCST90728291	200	harmonised/GCST90728291.h.tsv.gz	harmonised	1.1G	1181116006	yes	GCST90728291.tsv-meta.yaml; md5sum.txt; harmonised/GCST90728291.h.tsv.gz-meta.yaml; harmonised/md5sum.txt	Name; GCST90728291.tsv; GCST90728291.tsv-meta.yaml; harmonised/; md5sum.txt	
GCST90727717	kidney	Urine Protein:Creatinine Ratio - max	ftp://ftp.ebi.ac.uk/pub/databases/gwas/summary_statistics/GCST90727001-GCST90728000/GCST90727717	200	harmonised/GCST90727717.h.tsv.gz	harmonised	688M	721420288	yes	GCST90727717.tsv-meta.yaml; md5sum.txt; harmonised/GCST90727717.h.tsv.gz-meta.yaml; harmonised/md5sum.txt	Name; GCST90727717.tsv; GCST90727717.tsv-meta.yaml; harmonised/; md5sum.txt	
GCST90727718	kidney	Urine Protein:Creatinine Ratio - median	ftp://ftp.ebi.ac.uk/pub/databases/gwas/summary_statistics/GCST90727001-GCST90728000/GCST90727718	200	harmonised/GCST90727718.h.tsv.gz	harmonised	688M	721420288	yes	GCST90727718.tsv-meta.yaml; md5sum.txt; harmonised/GCST90727718.h.tsv.gz-meta.yaml; harmonised/md5sum.txt	Name; GCST90727718.tsv; GCST90727718.tsv-meta.yaml; harmonised/; md5sum.txt	
GCST90727719	kidney	Urine Protein:Creatinine Ratio - min	ftp://ftp.ebi.ac.uk/pub/databases/gwas/summary_statistics/GCST90727001-GCST90728000/GCST90727719	200	harmonised/GCST90727719.h.tsv.gz	harmonised	688M	721420288	yes	GCST90727719.tsv-meta.yaml; md5sum.txt; harmonised/GCST90727719.h.tsv.gz-meta.yaml; harmonised/md5sum.txt	Name; GCST90727719.tsv; GCST90727719.tsv-meta.yaml; harmonised/; md5sum.txt	
GCST90727711	kidney	Urine albumin creatinine ratio - max	ftp://ftp.ebi.ac.uk/pub/databases/gwas/summary_statistics/GCST90727001-GCST90728000/GCST90727711	200	harmonised/GCST90727711.h.tsv.gz	harmonised	914M	958398464	yes	GCST90727711.tsv-meta.yaml; md5sum.txt; harmonised/GCST90727711.h.tsv.gz-meta.yaml; harmonised/md5sum.txt	Name; GCST90727711.tsv; GCST90727711.tsv-meta.yaml; harmonised/; md5sum.txt	
GCST90727712	kidney	Urine albumin creatinine ratio - median	ftp://ftp.ebi.ac.uk/pub/databases/gwas/summary_statistics/GCST90727001-GCST90728000/GCST90727712	200	harmonised/GCST90727712.h.tsv.gz	harmonised	914M	958398464	yes	GCST90727712.tsv-meta.yaml; md5sum.txt; harmonised/GCST90727712.h.tsv.gz-meta.yaml; harmonised/md5sum.txt	Name; GCST90727712.tsv; GCST90727712.tsv-meta.yaml; harmonised/; md5sum.txt	
GCST90727713	kidney	Urine albumin creatinine ratio - min	ftp://ftp.ebi.ac.uk/pub/databases/gwas/summary_statistics/GCST90727001-GCST90728000/GCST90727713	200	harmonised/GCST90727713.h.tsv.gz	harmonised	914M	958398464	yes	GCST90727713.tsv-meta.yaml; md5sum.txt; harmonised/GCST90727713.h.tsv.gz-meta.yaml; harmonised/md5sum.txt	Name; GCST90727713.tsv; GCST90727713.tsv-meta.yaml; harmonised/; md5sum.txt	
GCST90301198	kidney	creatinine	ftp://ftp.ebi.ac.uk/pub/databases/gwas/summary_statistics/GCST90301001-GCST90302000/GCST90301198	200	harmonised/GCST90301198.h.tsv.gz	harmonised	540M	566231040	yes	GCST90301198.tsv-meta.yaml; md5sum.txt; harmonised/GCST90301198.h.tsv.gz-meta.yaml; harmonised/md5sum.txt	Name; GCST90301198.tsv; GCST90301198.tsv-meta.yaml; harmonised/; md5sum.txt	
GCST90301199	kidney	creatinine	ftp://ftp.ebi.ac.uk/pub/databases/gwas/summary_statistics/GCST90301001-GCST90302000/GCST90301199	200	harmonised/GCST90301199.h.tsv.gz	harmonised	540M	566231040	yes	GCST90301199.tsv-meta.yaml; md5sum.txt; harmonised/GCST90301199.h.tsv.gz-meta.yaml; harmonised/md5sum.txt	Name; GCST90301199.tsv; GCST90301199.tsv-meta.yaml; harmonised/; md5sum.txt	
GCST90302187	kidney	membranous nephropathy	ftp://ftp.ebi.ac.uk/pub/databases/gwas/summary_statistics/GCST90302001-GCST90303000/GCST90302187	200	readme.txt	plain_table	93	93	no		Name; readme.txt	
GCST90316497	kidney	urine protein /creatin ratio	ftp://ftp.ebi.ac.uk/pub/databases/gwas/summary_statistics/GCST90316001-GCST90317000/GCST90316497	200	harmonised/GCST90316497.h.tsv.gz	harmonised	20M	20971520	yes	GCST90316497.tsv-meta.yaml; md5sum.txt; harmonised/GCST90316497.h.tsv.gz-meta.yaml; harmonised/md5sum.txt	Name; GCST90316497.tsv; GCST90316497.tsv-meta.yaml; harmonised/; md5sum.txt	
