DATE ADDED TO CATALOG,PUBMED ID,FIRST AUTHOR,DATE,JOURNAL,LINK,STUDY,DISEASE/TRAIT,INITIAL SAMPLE SIZE,REPLICATION SAMPLE SIZE,PLATFORM [SNPS PASSING QC],ASSOCIATION COUNT,MAPPED_TRAIT,MAPPED_TRAIT_URI,STUDY ACCESSION,GENOTYPING TECHNOLOGY,SUBMISSION DATE,STATISTICAL MODEL,BACKGROUND TRAIT,MAPPED BACKGROUND TRAIT,MAPPED BACKGROUND TRAIT URI,COHORT,FULL SUMMARY STATISTICS,SUMMARY STATS LOCATION,category,selection_reason,kidney_trait_hits,comparator_trait_hits,summary_stats_available,summary_stats_location,sample_size_combined
not yet curated,not yet curated,Md Moksedul momin,not yet curated,not yet curated,,Cross-Ancestry Polygenic Prediction: Comparing Methods and Assessing Transferability Across Traits,BMI,not yet curated,not yet curated,NR [4113630],not yet curated,not yet curated,not yet curated,GCST90267331,Genome-wide genotyping array,2023-04-04,,,not yet curated,not yet curated,White British,yes,ftp://ftp.ebi.ac.uk/pub/databases/gwas/summary_statistics/GCST90267001-GCST90268000/GCST90267331,comparator,bmi matched in DISEASE/TRAIT: BMI,,bmi,yes,ftp://ftp.ebi.ac.uk/pub/databases/gwas/summary_statistics/GCST90267001-GCST90268000/GCST90267331,
not yet curated,not yet curated,Md Moksedul momin,not yet curated,not yet curated,,Cross-Ancestry Polygenic Prediction: Comparing Methods and Assessing Transferability Across Traits,BMI,not yet curated,not yet curated,NR [2280806],not yet curated,not yet curated,not yet curated,GCST90267332,Genome-wide genotyping array,2023-04-04,,,not yet curated,not yet curated,White British,yes,ftp://ftp.ebi.ac.uk/pub/databases/gwas/summary_statistics/GCST90267001-GCST90268000/GCST90267332,comparator,bmi matched in DISEASE/TRAIT: BMI,,bmi,yes,ftp://ftp.ebi.ac.uk/pub/databases/gwas/summary_statistics/GCST90267001-GCST90268000/GCST90267332,
not yet curated,not yet curated,Md Moksedul Momin,not yet curated,not yet curated,,Cross-Ancestry Polygenic Prediction: Comparing Methods and Assessing Transferability Across Traits,BMI,not yet curated,not yet curated,NR [4113630],not yet curated,not yet curated,not yet curated,GCST90268031,Genome-wide genotyping array,2023-04-28,,,not yet curated,not yet curated,UKBB,yes,ftp://ftp.ebi.ac.uk/pub/databases/gwas/summary_statistics/GCST90268001-GCST90269000/GCST90268031,comparator,bmi matched in DISEASE/TRAIT: BMI,,bmi,yes,ftp://ftp.ebi.ac.uk/pub/databases/gwas/summary_statistics/GCST90268001-GCST90269000/GCST90268031,
not yet curated,not yet curated,Md Moksedul Momin,not yet curated,not yet curated,,Cross-Ancestry Polygenic Prediction: Comparing Methods and Assessing Transferability Across Traits,BMI,not yet curated,not yet curated,NR [2280806],not yet curated,not yet curated,not yet curated,GCST90268032,Genome-wide genotyping array,2023-04-28,,,not yet curated,not yet curated,UKBB,yes,ftp://ftp.ebi.ac.uk/pub/databases/gwas/summary_statistics/GCST90268001-GCST90269000/GCST90268032,comparator,bmi matched in DISEASE/TRAIT: BMI,,bmi,yes,ftp://ftp.ebi.ac.uk/pub/databases/gwas/summary_statistics/GCST90268001-GCST90269000/GCST90268032,
not yet curated,not yet curated,Paolo A Lorenzini,not yet curated,not yet curated,https://doi.org/10.1101/2024.05.30.24307732,Multi-omics and Mendelian Randomization network analysis of the association between metabolic and cognitive functions in the UK Biobank Database,Body Mass Index,not yet curated,not yet curated,NR [577742],not yet curated,not yet curated,not yet curated,GCST90444285,Genome-wide genotyping array,2024-07-24,,,not yet curated,not yet curated,,yes,ftp://ftp.ebi.ac.uk/pub/databases/gwas/summary_statistics/GCST90444001-GCST90445000/GCST90444285,comparator,bmi matched in DISEASE/TRAIT: Body Mass Index,,bmi,yes,ftp://ftp.ebi.ac.uk/pub/databases/gwas/summary_statistics/GCST90444001-GCST90445000/GCST90444285,
not yet curated,not yet curated,Paolo A Lorenzini,not yet curated,not yet curated,https://doi.org/10.1101/2024.05.30.24307732,Multi-omics and Mendelian Randomization network analysis of the association between metabolic and cognitive functions in the UK Biobank Database,Body Mass Index,not yet curated,not yet curated,NR [587951],not yet curated,not yet curated,not yet curated,GCST90444306,Genome-wide genotyping array,2024-07-24,,,not yet curated,not yet curated,,yes,ftp://ftp.ebi.ac.uk/pub/databases/gwas/summary_statistics/GCST90444001-GCST90445000/GCST90444306,comparator,bmi matched in DISEASE/TRAIT: Body Mass Index,,bmi,yes,ftp://ftp.ebi.ac.uk/pub/databases/gwas/summary_statistics/GCST90444001-GCST90445000/GCST90444306,
not yet curated,not yet curated,Paolo A Lorenzini,not yet curated,not yet curated,https://doi.org/10.1101/2024.05.30.24307732,Multi-omics and Mendelian Randomization network analysis of the association between metabolic and cognitive functions in the UK Biobank Database,Body Mass Index,not yet curated,not yet curated,NR [591769],not yet curated,not yet curated,not yet curated,GCST90444328,Genome-wide genotyping array,2024-07-24,,,not yet curated,not yet curated,,yes,ftp://ftp.ebi.ac.uk/pub/databases/gwas/summary_statistics/GCST90444001-GCST90445000/GCST90444328,comparator,bmi matched in DISEASE/TRAIT: Body Mass Index,,bmi,yes,ftp://ftp.ebi.ac.uk/pub/databases/gwas/summary_statistics/GCST90444001-GCST90445000/GCST90444328,
not yet curated,not yet curated,Paras Garg,not yet curated,not yet curated,https://www.medrxiv.org/content/10.1101/2025.08.05.25333035v1,A phenome-wide association study of CNVs genotyped from genome sequencing read  depth in the UK Biobank,Body mass index (BMI),not yet curated,not yet curated,Illumina [231448],not yet curated,not yet curated,not yet curated,GCST90826151,Whole genome sequencing,2026-03-10,"additive, recessive and dosage sensitive models",(none),not yet curated,not yet curated,UK Biobank,yes,ftp://ftp.ebi.ac.uk/pub/databases/gwas/summary_statistics/GCST90826001-GCST90827000/GCST90826151,comparator,bmi matched in DISEASE/TRAIT: Body mass index (BMI),,bmi,yes,ftp://ftp.ebi.ac.uk/pub/databases/gwas/summary_statistics/GCST90826001-GCST90827000/GCST90826151,
not yet curated,not yet curated,Paras Garg,not yet curated,not yet curated,https://www.medrxiv.org/content/10.1101/2025.08.05.25333035v1,A phenome-wide association study of CNVs genotyped from genome sequencing read  depth in the UK Biobank,Body mass index (BMI),not yet curated,not yet curated,Illumina [231448],not yet curated,not yet curated,not yet curated,GCST90826182,Whole genome sequencing,2026-03-10,"additive, recessive and dosage sensitive models",(none),not yet curated,not yet curated,UK Biobank,yes,ftp://ftp.ebi.ac.uk/pub/databases/gwas/summary_statistics/GCST90826001-GCST90827000/GCST90826182,comparator,bmi matched in DISEASE/TRAIT: Body mass index (BMI),,bmi,yes,ftp://ftp.ebi.ac.uk/pub/databases/gwas/summary_statistics/GCST90826001-GCST90827000/GCST90826182,
not yet curated,not yet curated,,not yet curated,not yet curated,,Genes & Health - Health research for South Asians - single variant GWAS results,Body mass index - max,not yet curated,not yet curated,Illumina [37624421],not yet curated,not yet curated,not yet curated,GCST90727459,Genome-wide genotyping array,2026-01-05,ADD,,not yet curated,not yet curated,G&H,yes,ftp://ftp.ebi.ac.uk/pub/databases/gwas/summary_statistics/GCST90727001-GCST90728000/GCST90727459,comparator,bmi matched in DISEASE/TRAIT: Body mass index - max,,bmi,yes,ftp://ftp.ebi.ac.uk/pub/databases/gwas/summary_statistics/GCST90727001-GCST90728000/GCST90727459,
not yet curated,not yet curated,,not yet curated,not yet curated,,Genes & Health - Health research for South Asians - single variant GWAS results,Body mass index - median,not yet curated,not yet curated,Illumina [37624421],not yet curated,not yet curated,not yet curated,GCST90727460,Genome-wide genotyping array,2026-01-05,ADD,,not yet curated,not yet curated,G&H,yes,ftp://ftp.ebi.ac.uk/pub/databases/gwas/summary_statistics/GCST90727001-GCST90728000/GCST90727460,comparator,bmi matched in DISEASE/TRAIT: Body mass index - median,,bmi,yes,ftp://ftp.ebi.ac.uk/pub/databases/gwas/summary_statistics/GCST90727001-GCST90728000/GCST90727460,
not yet curated,not yet curated,,not yet curated,not yet curated,,Genes & Health - Health research for South Asians - single variant GWAS results,Body mass index - min,not yet curated,not yet curated,Illumina [37624421],not yet curated,not yet curated,not yet curated,GCST90727461,Genome-wide genotyping array,2026-01-05,ADD,,not yet curated,not yet curated,G&H,yes,ftp://ftp.ebi.ac.uk/pub/databases/gwas/summary_statistics/GCST90727001-GCST90728000/GCST90727461,comparator,bmi matched in DISEASE/TRAIT: Body mass index - min,,bmi,yes,ftp://ftp.ebi.ac.uk/pub/databases/gwas/summary_statistics/GCST90727001-GCST90728000/GCST90727461,
not yet curated,not yet curated,,not yet curated,not yet curated,,Genes & Health - Health research for South Asians - single variant GWAS results,Body mass index >= 30 without an associated BMI value (Quality and Outcomes Framework codes),not yet curated,not yet curated,Illumina [37710835],not yet curated,not yet curated,not yet curated,GCST90728446,Genome-wide genotyping array,2026-01-05,ADD,,not yet curated,not yet curated,G&H,yes,ftp://ftp.ebi.ac.uk/pub/databases/gwas/summary_statistics/GCST90728001-GCST90729000/GCST90728446,comparator,bmi matched in DISEASE/TRAIT: Body mass index >= 30 without an associated BMI value (Quality and Outcomes Framework codes),,bmi,yes,ftp://ftp.ebi.ac.uk/pub/databases/gwas/summary_statistics/GCST90728001-GCST90729000/GCST90728446,
not yet curated,not yet curated,Katie O'Nunain,not yet curated,not yet curated,,A genome-wide association study of childhood adiposity and blood lipids,Childhood body mass index,not yet curated,not yet curated,NR [7273592],not yet curated,not yet curated,not yet curated,GCST90104677,Genome-wide genotyping array,2022-06-17,,,not yet curated,not yet curated,ALSPAC,yes,ftp://ftp.ebi.ac.uk/pub/databases/gwas/summary_statistics/GCST90104001-GCST90105000/GCST90104677,comparator,bmi matched in DISEASE/TRAIT: Childhood body mass index,,bmi,yes,ftp://ftp.ebi.ac.uk/pub/databases/gwas/summary_statistics/GCST90104001-GCST90105000/GCST90104677,
not yet curated,not yet curated,Katie O'Nunain,not yet curated,not yet curated,,A genome-wide association study of childhood adiposity and blood lipids,Childhood diastolic blood pressure,not yet curated,not yet curated,NR [7273592],not yet curated,not yet curated,not yet curated,GCST90104684,Genome-wide genotyping array,2022-06-17,,,not yet curated,not yet curated,ALSPAC,yes,ftp://ftp.ebi.ac.uk/pub/databases/gwas/summary_statistics/GCST90104001-GCST90105000/GCST90104684,comparator,diastolic_blood_pressure matched in DISEASE/TRAIT: Childhood diastolic blood pressure,,diastolic_blood_pressure,yes,ftp://ftp.ebi.ac.uk/pub/databases/gwas/summary_statistics/GCST90104001-GCST90105000/GCST90104684,
not yet curated,not yet curated,Katie O'Nunain,not yet curated,not yet curated,,A genome-wide association study of childhood adiposity and blood lipids,Childhood systolic blood pressure,not yet curated,not yet curated,NR [7273592],not yet curated,not yet curated,not yet curated,GCST90104683,Genome-wide genotyping array,2022-06-17,,,not yet curated,not yet curated,ALSPAC,yes,ftp://ftp.ebi.ac.uk/pub/databases/gwas/summary_statistics/GCST90104001-GCST90105000/GCST90104683,comparator,systolic_blood_pressure matched in DISEASE/TRAIT: Childhood systolic blood pressure,,systolic_blood_pressure,yes,ftp://ftp.ebi.ac.uk/pub/databases/gwas/summary_statistics/GCST90104001-GCST90105000/GCST90104683,
not yet curated,not yet curated,,not yet curated,not yet curated,,Genes & Health - Health research for South Asians - single variant GWAS results,Coronary Artery Disease (PRIMED consortium definition),not yet curated,not yet curated,Illumina [37710835],not yet curated,not yet curated,not yet curated,GCST90728432,Genome-wide genotyping array,2026-01-05,ADD,,not yet curated,not yet curated,G&H,yes,ftp://ftp.ebi.ac.uk/pub/databases/gwas/summary_statistics/GCST90728001-GCST90729000/GCST90728432,comparator,cad_cvd matched in DISEASE/TRAIT: Coronary Artery Disease (PRIMED consortium definition),,cad_cvd,yes,ftp://ftp.ebi.ac.uk/pub/databases/gwas/summary_statistics/GCST90728001-GCST90729000/GCST90728432,
not yet curated,not yet curated,,not yet curated,not yet curated,,Genes & Health - Health research for South Asians - single variant GWAS results,Coronary Artery Disease - broad,not yet curated,not yet curated,Illumina [37710835],not yet curated,not yet curated,not yet curated,GCST90727951,Genome-wide genotyping array,2026-01-05,ADD,,not yet curated,not yet curated,G&H,yes,ftp://ftp.ebi.ac.uk/pub/databases/gwas/summary_statistics/GCST90727001-GCST90728000/GCST90727951,comparator,cad_cvd matched in DISEASE/TRAIT: Coronary Artery Disease - broad,,cad_cvd,yes,ftp://ftp.ebi.ac.uk/pub/databases/gwas/summary_statistics/GCST90727001-GCST90728000/GCST90727951,
not yet curated,not yet curated,,not yet curated,not yet curated,,Genes & Health - Health research for South Asians - single variant GWAS results,Coronary Artery Disease - narrow,not yet curated,not yet curated,Illumina [37710835],not yet curated,not yet curated,not yet curated,GCST90727950,Genome-wide genotyping array,2026-01-05,ADD,,not yet curated,not yet curated,G&H,yes,ftp://ftp.ebi.ac.uk/pub/databases/gwas/summary_statistics/GCST90727001-GCST90728000/GCST90727950,comparator,cad_cvd matched in DISEASE/TRAIT: Coronary Artery Disease - narrow,,cad_cvd,yes,ftp://ftp.ebi.ac.uk/pub/databases/gwas/summary_statistics/GCST90727001-GCST90728000/GCST90727950,
not yet curated,not yet curated,Paras Garg,not yet curated,not yet curated,https://www.medrxiv.org/content/10.1101/2025.08.05.25333035v1,A phenome-wide association study of CNVs genotyped from genome sequencing read  depth in the UK Biobank,Diagnoses - ICD10; E66 Obesity,not yet curated,not yet curated,Illumina [231448],not yet curated,not yet curated,not yet curated,GCST90827313,Whole genome sequencing,2026-03-10,"additive, recessive and dosage sensitive models",(none),not yet curated,not yet curated,UK Biobank,yes,ftp://ftp.ebi.ac.uk/pub/databases/gwas/summary_statistics/GCST90827001-GCST90828000/GCST90827313,comparator,obesity matched in DISEASE/TRAIT: Diagnoses - ICD10; E66 Obesity,,obesity,yes,ftp://ftp.ebi.ac.uk/pub/databases/gwas/summary_statistics/GCST90827001-GCST90828000/GCST90827313,
not yet curated,not yet curated,Paras Garg,not yet curated,not yet curated,https://www.medrxiv.org/content/10.1101/2025.08.05.25333035v1,A phenome-wide association study of CNVs genotyped from genome sequencing read  depth in the UK Biobank,Diagnoses - ICD10; E66.8 Other obesity,not yet curated,not yet curated,Illumina [231448],not yet curated,not yet curated,not yet curated,GCST90827311,Whole genome sequencing,2026-03-10,"additive, recessive and dosage sensitive models",(none),not yet curated,not yet curated,UK Biobank,yes,ftp://ftp.ebi.ac.uk/pub/databases/gwas/summary_statistics/GCST90827001-GCST90828000/GCST90827311,comparator,obesity matched in DISEASE/TRAIT: Diagnoses - ICD10; E66.8 Other obesity,,obesity,yes,ftp://ftp.ebi.ac.uk/pub/databases/gwas/summary_statistics/GCST90827001-GCST90828000/GCST90827311,
not yet curated,not yet curated,Paras Garg,not yet curated,not yet curated,https://www.medrxiv.org/content/10.1101/2025.08.05.25333035v1,A phenome-wide association study of CNVs genotyped from genome sequencing read  depth in the UK Biobank,"Diagnoses - ICD10; E66.9 Obesity, unspecified",not yet curated,not yet curated,Illumina [231448],not yet curated,not yet curated,not yet curated,GCST90827312,Whole genome sequencing,2026-03-10,"additive, recessive and dosage sensitive models",(none),not yet curated,not yet curated,UK Biobank,yes,ftp://ftp.ebi.ac.uk/pub/databases/gwas/summary_statistics/GCST90827001-GCST90828000/GCST90827312,comparator,"obesity matched in DISEASE/TRAIT: Diagnoses - ICD10; E66.9 Obesity, unspecified",,obesity,yes,ftp://ftp.ebi.ac.uk/pub/databases/gwas/summary_statistics/GCST90827001-GCST90828000/GCST90827312,
not yet curated,not yet curated,Paras Garg,not yet curated,not yet curated,https://www.medrxiv.org/content/10.1101/2025.08.05.25333035v1,A phenome-wide association study of CNVs genotyped from genome sequencing read  depth in the UK Biobank,Diagnoses - ICD10; I10 Essential (primary) hypertension,not yet curated,not yet curated,Illumina [231448],not yet curated,not yet curated,not yet curated,GCST90827341,Whole genome sequencing,2026-03-10,"additive, recessive and dosage sensitive models",(none),not yet curated,not yet curated,UK Biobank,yes,ftp://ftp.ebi.ac.uk/pub/databases/gwas/summary_statistics/GCST90827001-GCST90828000/GCST90827341,comparator,hypertension matched in DISEASE/TRAIT: Diagnoses - ICD10; I10 Essential (primary) hypertension,,hypertension,yes,ftp://ftp.ebi.ac.uk/pub/databases/gwas/summary_statistics/GCST90827001-GCST90828000/GCST90827341,
not yet curated,not yet curated,Paras Garg,not yet curated,not yet curated,https://www.medrxiv.org/content/10.1101/2025.08.05.25333035v1,A phenome-wide association study of CNVs genotyped from genome sequencing read  depth in the UK Biobank,Diagnoses - ICD10; M10 Gout,not yet curated,not yet curated,Illumina [231448],not yet curated,not yet curated,not yet curated,GCST90827412,Whole genome sequencing,2026-03-10,"additive, recessive and dosage sensitive models",(none),not yet curated,not yet curated,UK Biobank,yes,ftp://ftp.ebi.ac.uk/pub/databases/gwas/summary_statistics/GCST90827001-GCST90828000/GCST90827412,comparator,gout matched in DISEASE/TRAIT: Diagnoses - ICD10; M10 Gout,,gout,yes,ftp://ftp.ebi.ac.uk/pub/databases/gwas/summary_statistics/GCST90827001-GCST90828000/GCST90827412,
not yet curated,not yet curated,Paras Garg,not yet curated,not yet curated,https://www.medrxiv.org/content/10.1101/2025.08.05.25333035v1,A phenome-wide association study of CNVs genotyped from genome sequencing read  depth in the UK Biobank,"Diagnoses - ICD10; M10.9 Gout, unspecified",not yet curated,not yet curated,Illumina [231448],not yet curated,not yet curated,not yet curated,GCST90827411,Whole genome sequencing,2026-03-10,"additive, recessive and dosage sensitive models",(none),not yet curated,not yet curated,UK Biobank,yes,ftp://ftp.ebi.ac.uk/pub/databases/gwas/summary_statistics/GCST90827001-GCST90828000/GCST90827411,comparator,"gout matched in DISEASE/TRAIT: Diagnoses - ICD10; M10.9 Gout, unspecified",,gout,yes,ftp://ftp.ebi.ac.uk/pub/databases/gwas/summary_statistics/GCST90827001-GCST90828000/GCST90827411,
not yet curated,not yet curated,Paolo A Lorenzini,not yet curated,not yet curated,https://doi.org/10.1101/2024.05.30.24307732,Multi-omics and Mendelian Randomization network analysis of the association between metabolic and cognitive functions in the UK Biobank Database,Diastolic Blood Pressure,not yet curated,not yet curated,NR [577742],not yet curated,not yet curated,not yet curated,GCST90444287,Genome-wide genotyping array,2024-07-24,,,not yet curated,not yet curated,,yes,ftp://ftp.ebi.ac.uk/pub/databases/gwas/summary_statistics/GCST90444001-GCST90445000/GCST90444287,comparator,diastolic_blood_pressure matched in DISEASE/TRAIT: Diastolic Blood Pressure,,diastolic_blood_pressure,yes,ftp://ftp.ebi.ac.uk/pub/databases/gwas/summary_statistics/GCST90444001-GCST90445000/GCST90444287,
not yet curated,not yet curated,Paolo A Lorenzini,not yet curated,not yet curated,https://doi.org/10.1101/2024.05.30.24307732,Multi-omics and Mendelian Randomization network analysis of the association between metabolic and cognitive functions in the UK Biobank Database,Diastolic Blood Pressure,not yet curated,not yet curated,NR [587951],not yet curated,not yet curated,not yet curated,GCST90444308,Genome-wide genotyping array,2024-07-24,,,not yet curated,not yet curated,,yes,ftp://ftp.ebi.ac.uk/pub/databases/gwas/summary_statistics/GCST90444001-GCST90445000/GCST90444308,comparator,diastolic_blood_pressure matched in DISEASE/TRAIT: Diastolic Blood Pressure,,diastolic_blood_pressure,yes,ftp://ftp.ebi.ac.uk/pub/databases/gwas/summary_statistics/GCST90444001-GCST90445000/GCST90444308,
not yet curated,not yet curated,Paolo A Lorenzini,not yet curated,not yet curated,https://doi.org/10.1101/2024.05.30.24307732,Multi-omics and Mendelian Randomization network analysis of the association between metabolic and cognitive functions in the UK Biobank Database,Diastolic Blood Pressure,not yet curated,not yet curated,NR [591769],not yet curated,not yet curated,not yet curated,GCST90444330,Genome-wide genotyping array,2024-07-24,,,not yet curated,not yet curated,,yes,ftp://ftp.ebi.ac.uk/pub/databases/gwas/summary_statistics/GCST90444001-GCST90445000/GCST90444330,comparator,diastolic_blood_pressure matched in DISEASE/TRAIT: Diastolic Blood Pressure,,diastolic_blood_pressure,yes,ftp://ftp.ebi.ac.uk/pub/databases/gwas/summary_statistics/GCST90444001-GCST90445000/GCST90444330,
not yet curated,not yet curated,,not yet curated,not yet curated,,Genes & Health - Health research for South Asians - single variant GWAS results,Diastolic blood pressure - max,not yet curated,not yet curated,Illumina [37664075],not yet curated,not yet curated,not yet curated,GCST90727486,Genome-wide genotyping array,2026-01-05,ADD,,not yet curated,not yet curated,G&H,yes,ftp://ftp.ebi.ac.uk/pub/databases/gwas/summary_statistics/GCST90727001-GCST90728000/GCST90727486,comparator,diastolic_blood_pressure matched in DISEASE/TRAIT: Diastolic blood pressure - max,,diastolic_blood_pressure,yes,ftp://ftp.ebi.ac.uk/pub/databases/gwas/summary_statistics/GCST90727001-GCST90728000/GCST90727486,
not yet curated,not yet curated,,not yet curated,not yet curated,,Genes & Health - Health research for South Asians - single variant GWAS results,Diastolic blood pressure - median,not yet curated,not yet curated,Illumina [37664075],not yet curated,not yet curated,not yet curated,GCST90727487,Genome-wide genotyping array,2026-01-05,ADD,,not yet curated,not yet curated,G&H,yes,ftp://ftp.ebi.ac.uk/pub/databases/gwas/summary_statistics/GCST90727001-GCST90728000/GCST90727487,comparator,diastolic_blood_pressure matched in DISEASE/TRAIT: Diastolic blood pressure - median,,diastolic_blood_pressure,yes,ftp://ftp.ebi.ac.uk/pub/databases/gwas/summary_statistics/GCST90727001-GCST90728000/GCST90727487,
not yet curated,not yet curated,,not yet curated,not yet curated,,Genes & Health - Health research for South Asians - single variant GWAS results,Diastolic blood pressure - min,not yet curated,not yet curated,Illumina [37664075],not yet curated,not yet curated,not yet curated,GCST90727488,Genome-wide genotyping array,2026-01-05,ADD,,not yet curated,not yet curated,G&H,yes,ftp://ftp.ebi.ac.uk/pub/databases/gwas/summary_statistics/GCST90727001-GCST90728000/GCST90727488,comparator,diastolic_blood_pressure matched in DISEASE/TRAIT: Diastolic blood pressure - min,,diastolic_blood_pressure,yes,ftp://ftp.ebi.ac.uk/pub/databases/gwas/summary_statistics/GCST90727001-GCST90728000/GCST90727488,
not yet curated,not yet curated,Paras Garg,not yet curated,not yet curated,https://www.medrxiv.org/content/10.1101/2025.08.05.25333035v1,A phenome-wide association study of CNVs genotyped from genome sequencing read  depth in the UK Biobank,"Diastolic blood pressure, automated reading",not yet curated,not yet curated,Illumina [231448],not yet curated,not yet curated,not yet curated,GCST90827250,Whole genome sequencing,2026-03-10,"additive, recessive and dosage sensitive models",(none),not yet curated,not yet curated,UK Biobank,yes,ftp://ftp.ebi.ac.uk/pub/databases/gwas/summary_statistics/GCST90827001-GCST90828000/GCST90827250,comparator,"diastolic_blood_pressure matched in DISEASE/TRAIT: Diastolic blood pressure, automated reading",,diastolic_blood_pressure,yes,ftp://ftp.ebi.ac.uk/pub/databases/gwas/summary_statistics/GCST90827001-GCST90828000/GCST90827250,
not yet curated,not yet curated,,not yet curated,not yet curated,,Genes & Health - Health research for South Asians - single variant GWAS results,Essential (ICD10 primary) hypertension (ICD10 I10),not yet curated,not yet curated,Illumina [37711928],not yet curated,not yet curated,not yet curated,GCST90728040,Genome-wide genotyping array,2026-01-05,ADD,,not yet curated,not yet curated,G&H,yes,ftp://ftp.ebi.ac.uk/pub/databases/gwas/summary_statistics/GCST90728001-GCST90729000/GCST90728040,comparator,hypertension matched in DISEASE/TRAIT: Essential (ICD10 primary) hypertension (ICD10 I10),,hypertension,yes,ftp://ftp.ebi.ac.uk/pub/databases/gwas/summary_statistics/GCST90728001-GCST90729000/GCST90728040,
not yet curated,not yet curated,,not yet curated,not yet curated,,Genes & Health - Health research for South Asians - single variant GWAS results,Essential Hypertension,not yet curated,not yet curated,Illumina [37710835],not yet curated,not yet curated,not yet curated,GCST90727966,Genome-wide genotyping array,2026-01-05,ADD,,not yet curated,not yet curated,G&H,yes,ftp://ftp.ebi.ac.uk/pub/databases/gwas/summary_statistics/GCST90727001-GCST90728000/GCST90727966,comparator,hypertension matched in DISEASE/TRAIT: Essential Hypertension,,hypertension,yes,ftp://ftp.ebi.ac.uk/pub/databases/gwas/summary_statistics/GCST90727001-GCST90728000/GCST90727966,
not yet curated,not yet curated,Paras Garg,not yet curated,not yet curated,https://www.medrxiv.org/content/10.1101/2025.08.05.25333035v1,A phenome-wide association study of CNVs genotyped from genome sequencing read  depth in the UK Biobank,Ever had gout,not yet curated,not yet curated,Illumina [231448],not yet curated,not yet curated,not yet curated,GCST90826018,Whole genome sequencing,2026-03-10,"additive, recessive and dosage sensitive models",(none),not yet curated,not yet curated,UK Biobank,yes,ftp://ftp.ebi.ac.uk/pub/databases/gwas/summary_statistics/GCST90826001-GCST90827000/GCST90826018,comparator,gout matched in DISEASE/TRAIT: Ever had gout,,gout,yes,ftp://ftp.ebi.ac.uk/pub/databases/gwas/summary_statistics/GCST90826001-GCST90827000/GCST90826018,
not yet curated,not yet curated,Paolo A Lorenzini,not yet curated,not yet curated,https://doi.org/10.1101/2024.05.30.24307732,Multi-omics and Mendelian Randomization network analysis of the association between metabolic and cognitive functions in the UK Biobank Database,Glycated Hemoglobin,not yet curated,not yet curated,NR [577742],not yet curated,not yet curated,not yet curated,GCST90444290,Genome-wide genotyping array,2024-07-24,,,not yet curated,not yet curated,,yes,ftp://ftp.ebi.ac.uk/pub/databases/gwas/summary_statistics/GCST90444001-GCST90445000/GCST90444290,comparator,hba1c matched in DISEASE/TRAIT: Glycated Hemoglobin,,hba1c,yes,ftp://ftp.ebi.ac.uk/pub/databases/gwas/summary_statistics/GCST90444001-GCST90445000/GCST90444290,
not yet curated,not yet curated,Paolo A Lorenzini,not yet curated,not yet curated,https://doi.org/10.1101/2024.05.30.24307732,Multi-omics and Mendelian Randomization network analysis of the association between metabolic and cognitive functions in the UK Biobank Database,Glycated Hemoglobin,not yet curated,not yet curated,NR [587951],not yet curated,not yet curated,not yet curated,GCST90444312,Genome-wide genotyping array,2024-07-24,,,not yet curated,not yet curated,,yes,ftp://ftp.ebi.ac.uk/pub/databases/gwas/summary_statistics/GCST90444001-GCST90445000/GCST90444312,comparator,hba1c matched in DISEASE/TRAIT: Glycated Hemoglobin,,hba1c,yes,ftp://ftp.ebi.ac.uk/pub/databases/gwas/summary_statistics/GCST90444001-GCST90445000/GCST90444312,
not yet curated,not yet curated,Paolo A Lorenzini,not yet curated,not yet curated,https://doi.org/10.1101/2024.05.30.24307732,Multi-omics and Mendelian Randomization network analysis of the association between metabolic and cognitive functions in the UK Biobank Database,Glycated Hemoglobin,not yet curated,not yet curated,NR [591769],not yet curated,not yet curated,not yet curated,GCST90444333,Genome-wide genotyping array,2024-07-24,,,not yet curated,not yet curated,,yes,ftp://ftp.ebi.ac.uk/pub/databases/gwas/summary_statistics/GCST90444001-GCST90445000/GCST90444333,comparator,hba1c matched in DISEASE/TRAIT: Glycated Hemoglobin,,hba1c,yes,ftp://ftp.ebi.ac.uk/pub/databases/gwas/summary_statistics/GCST90444001-GCST90445000/GCST90444333,
not yet curated,not yet curated,Paras Garg,not yet curated,not yet curated,https://www.medrxiv.org/content/10.1101/2025.08.05.25333035v1,A phenome-wide association study of CNVs genotyped from genome sequencing read  depth in the UK Biobank,Glycated haemoglobin (HbA1c),not yet curated,not yet curated,Illumina [506],not yet curated,not yet curated,not yet curated,GCST90826001,Whole genome sequencing,2026-03-10,"additive, recessive and dosage sensitive models",(none),not yet curated,not yet curated,UK Biobank,yes,ftp://ftp.ebi.ac.uk/pub/databases/gwas/summary_statistics/GCST90826001-GCST90827000/GCST90826001,comparator,hba1c matched in DISEASE/TRAIT: Glycated haemoglobin (HbA1c),,hba1c,yes,ftp://ftp.ebi.ac.uk/pub/databases/gwas/summary_statistics/GCST90826001-GCST90827000/GCST90826001,
not yet curated,not yet curated,Paras Garg,not yet curated,not yet curated,https://www.medrxiv.org/content/10.1101/2025.08.05.25333035v1,A phenome-wide association study of CNVs genotyped from genome sequencing read  depth in the UK Biobank,Glycated haemoglobin (HbA1c),not yet curated,not yet curated,Illumina [231448],not yet curated,not yet curated,not yet curated,GCST90827198,Whole genome sequencing,2026-03-10,"additive, recessive and dosage sensitive models",(none),not yet curated,not yet curated,UK Biobank,yes,ftp://ftp.ebi.ac.uk/pub/databases/gwas/summary_statistics/GCST90827001-GCST90828000/GCST90827198,comparator,hba1c matched in DISEASE/TRAIT: Glycated haemoglobin (HbA1c),,hba1c,yes,ftp://ftp.ebi.ac.uk/pub/databases/gwas/summary_statistics/GCST90827001-GCST90828000/GCST90827198,
not yet curated,not yet curated,,not yet curated,not yet curated,,Genes & Health - Health research for South Asians - single variant GWAS results,Gout (GlobalBiobankMetaAnalysis codelist),not yet curated,not yet curated,Illumina [37710835],not yet curated,not yet curated,not yet curated,GCST90727958,Genome-wide genotyping array,2026-01-05,ADD,,not yet curated,not yet curated,G&H,yes,ftp://ftp.ebi.ac.uk/pub/databases/gwas/summary_statistics/GCST90727001-GCST90728000/GCST90727958,comparator,gout matched in DISEASE/TRAIT: Gout (GlobalBiobankMetaAnalysis codelist),,gout,yes,ftp://ftp.ebi.ac.uk/pub/databases/gwas/summary_statistics/GCST90727001-GCST90728000/GCST90727958,
not yet curated,not yet curated,,not yet curated,not yet curated,,Genes & Health - Health research for South Asians - single variant GWAS results,Gout (ICD10 M10),not yet curated,not yet curated,Illumina [37711928],not yet curated,not yet curated,not yet curated,GCST90728236,Genome-wide genotyping array,2026-01-05,ADD,,not yet curated,not yet curated,G&H,yes,ftp://ftp.ebi.ac.uk/pub/databases/gwas/summary_statistics/GCST90728001-GCST90729000/GCST90728236,comparator,gout matched in DISEASE/TRAIT: Gout (ICD10 M10),,gout,yes,ftp://ftp.ebi.ac.uk/pub/databases/gwas/summary_statistics/GCST90728001-GCST90729000/GCST90728236,
not yet curated,not yet curated,,not yet curated,not yet curated,,Genes & Health - Health research for South Asians - single variant GWAS results,Gout (MULTIPLY codelist),not yet curated,not yet curated,Illumina [37710835],not yet curated,not yet curated,not yet curated,GCST90727981,Genome-wide genotyping array,2026-01-05,ADD,,not yet curated,not yet curated,G&H,yes,ftp://ftp.ebi.ac.uk/pub/databases/gwas/summary_statistics/GCST90727001-GCST90728000/GCST90727981,comparator,gout matched in DISEASE/TRAIT: Gout (MULTIPLY codelist),,gout,yes,ftp://ftp.ebi.ac.uk/pub/databases/gwas/summary_statistics/GCST90727001-GCST90728000/GCST90727981,
not yet curated,not yet curated,,not yet curated,not yet curated,,Genes & Health - Health research for South Asians - single variant GWAS results,Haemoglobin A1c (just mmol/L) - max,not yet curated,not yet curated,Illumina [37586140],not yet curated,not yet curated,not yet curated,GCST90727540,Genome-wide genotyping array,2026-01-05,ADD,,not yet curated,not yet curated,G&H,yes,ftp://ftp.ebi.ac.uk/pub/databases/gwas/summary_statistics/GCST90727001-GCST90728000/GCST90727540,comparator,hba1c matched in DISEASE/TRAIT: Haemoglobin A1c (just mmol/L) - max,,hba1c,yes,ftp://ftp.ebi.ac.uk/pub/databases/gwas/summary_statistics/GCST90727001-GCST90728000/GCST90727540,
not yet curated,not yet curated,,not yet curated,not yet curated,,Genes & Health - Health research for South Asians - single variant GWAS results,Haemoglobin A1c (just mmol/L) - median,not yet curated,not yet curated,Illumina [37586140],not yet curated,not yet curated,not yet curated,GCST90727541,Genome-wide genotyping array,2026-01-05,ADD,,not yet curated,not yet curated,G&H,yes,ftp://ftp.ebi.ac.uk/pub/databases/gwas/summary_statistics/GCST90727001-GCST90728000/GCST90727541,comparator,hba1c matched in DISEASE/TRAIT: Haemoglobin A1c (just mmol/L) - median,,hba1c,yes,ftp://ftp.ebi.ac.uk/pub/databases/gwas/summary_statistics/GCST90727001-GCST90728000/GCST90727541,
not yet curated,not yet curated,,not yet curated,not yet curated,,Genes & Health - Health research for South Asians - single variant GWAS results,Haemoglobin A1c (just mmol/L) - min,not yet curated,not yet curated,Illumina [37586140],not yet curated,not yet curated,not yet curated,GCST90727542,Genome-wide genotyping array,2026-01-05,ADD,,not yet curated,not yet curated,G&H,yes,ftp://ftp.ebi.ac.uk/pub/databases/gwas/summary_statistics/GCST90727001-GCST90728000/GCST90727542,comparator,hba1c matched in DISEASE/TRAIT: Haemoglobin A1c (just mmol/L) - min,,hba1c,yes,ftp://ftp.ebi.ac.uk/pub/databases/gwas/summary_statistics/GCST90727001-GCST90728000/GCST90727542,
not yet curated,not yet curated,,not yet curated,not yet curated,,Genes & Health - Health research for South Asians - single variant GWAS results,Hypertension (MULTIPLY codelist),not yet curated,not yet curated,Illumina [37710835],not yet curated,not yet curated,not yet curated,GCST90728034,Genome-wide genotyping array,2026-01-05,ADD,,not yet curated,not yet curated,G&H,yes,ftp://ftp.ebi.ac.uk/pub/databases/gwas/summary_statistics/GCST90728001-GCST90729000/GCST90728034,comparator,hypertension matched in DISEASE/TRAIT: Hypertension (MULTIPLY codelist),,hypertension,yes,ftp://ftp.ebi.ac.uk/pub/databases/gwas/summary_statistics/GCST90728001-GCST90729000/GCST90728034,
not yet curated,not yet curated,,not yet curated,not yet curated,,Genes & Health - Health research for South Asians - single variant GWAS results,Hypertension all types (MGH definition),not yet curated,not yet curated,Illumina [37710835],not yet curated,not yet curated,not yet curated,GCST90728030,Genome-wide genotyping array,2026-01-05,ADD,,not yet curated,not yet curated,G&H,yes,ftp://ftp.ebi.ac.uk/pub/databases/gwas/summary_statistics/GCST90728001-GCST90729000/GCST90728030,comparator,hypertension matched in DISEASE/TRAIT: Hypertension all types (MGH definition),,hypertension,yes,ftp://ftp.ebi.ac.uk/pub/databases/gwas/summary_statistics/GCST90728001-GCST90729000/GCST90728030,
not yet curated,not yet curated,,not yet curated,not yet curated,,Genes & Health - Health research for South Asians - single variant GWAS results,Hypertension diagnosis (Quality and Outcomes Framework codes),not yet curated,not yet curated,Illumina [37710835],not yet curated,not yet curated,not yet curated,GCST90728458,Genome-wide genotyping array,2026-01-05,ADD,,not yet curated,not yet curated,G&H,yes,ftp://ftp.ebi.ac.uk/pub/databases/gwas/summary_statistics/GCST90728001-GCST90729000/GCST90728458,comparator,hypertension matched in DISEASE/TRAIT: Hypertension diagnosis (Quality and Outcomes Framework codes),,hypertension,yes,ftp://ftp.ebi.ac.uk/pub/databases/gwas/summary_statistics/GCST90728001-GCST90729000/GCST90728458,
not yet curated,not yet curated,Paras Garg,not yet curated,not yet curated,https://www.medrxiv.org/content/10.1101/2025.08.05.25333035v1,A phenome-wide association study of CNVs genotyped from genome sequencing read  depth in the UK Biobank,"Non-cancer illness code, self-reported; gout",not yet curated,not yet curated,Illumina [231448],not yet curated,not yet curated,not yet curated,GCST90826070,Whole genome sequencing,2026-03-10,"additive, recessive and dosage sensitive models",(none),not yet curated,not yet curated,UK Biobank,yes,ftp://ftp.ebi.ac.uk/pub/databases/gwas/summary_statistics/GCST90826001-GCST90827000/GCST90826070,comparator,"gout matched in DISEASE/TRAIT: Non-cancer illness code, self-reported; gout",,gout,yes,ftp://ftp.ebi.ac.uk/pub/databases/gwas/summary_statistics/GCST90826001-GCST90827000/GCST90826070,
not yet curated,not yet curated,Paras Garg,not yet curated,not yet curated,https://www.medrxiv.org/content/10.1101/2025.08.05.25333035v1,A phenome-wide association study of CNVs genotyped from genome sequencing read  depth in the UK Biobank,"Non-cancer illness code, self-reported; hypertension",not yet curated,not yet curated,Illumina [231448],not yet curated,not yet curated,not yet curated,GCST90826053,Whole genome sequencing,2026-03-10,"additive, recessive and dosage sensitive models",(none),not yet curated,not yet curated,UK Biobank,yes,ftp://ftp.ebi.ac.uk/pub/databases/gwas/summary_statistics/GCST90826001-GCST90827000/GCST90826053,comparator,"hypertension matched in DISEASE/TRAIT: Non-cancer illness code, self-reported; hypertension",,hypertension,yes,ftp://ftp.ebi.ac.uk/pub/databases/gwas/summary_statistics/GCST90826001-GCST90827000/GCST90826053,
not yet curated,not yet curated,,not yet curated,not yet curated,,Genes & Health - Health research for South Asians - single variant GWAS results,Obesity (ICD10 E66),not yet curated,not yet curated,Illumina [37711928],not yet curated,not yet curated,not yet curated,GCST90727872,Genome-wide genotyping array,2026-01-05,ADD,,not yet curated,not yet curated,G&H,yes,ftp://ftp.ebi.ac.uk/pub/databases/gwas/summary_statistics/GCST90727001-GCST90728000/GCST90727872,comparator,obesity matched in DISEASE/TRAIT: Obesity (ICD10 E66),,obesity,yes,ftp://ftp.ebi.ac.uk/pub/databases/gwas/summary_statistics/GCST90727001-GCST90728000/GCST90727872,
not yet curated,not yet curated,,not yet curated,not yet curated,,Genes & Health - Health research for South Asians - single variant GWAS results,Obesity (MULTIPLY codelist),not yet curated,not yet curated,Illumina [37710835],not yet curated,not yet curated,not yet curated,GCST90728401,Genome-wide genotyping array,2026-01-05,ADD,,not yet curated,not yet curated,G&H,yes,ftp://ftp.ebi.ac.uk/pub/databases/gwas/summary_statistics/GCST90728001-GCST90729000/GCST90728401,comparator,obesity matched in DISEASE/TRAIT: Obesity (MULTIPLY codelist),,obesity,yes,ftp://ftp.ebi.ac.uk/pub/databases/gwas/summary_statistics/GCST90728001-GCST90729000/GCST90728401,
not yet curated,not yet curated,Paolo A Lorenzini,not yet curated,not yet curated,https://doi.org/10.1101/2024.05.30.24307732,Multi-omics and Mendelian Randomization network analysis of the association between metabolic and cognitive functions in the UK Biobank Database,Systolic Blood Pressure,not yet curated,not yet curated,NR [577742],not yet curated,not yet curated,not yet curated,GCST90444296,Genome-wide genotyping array,2024-07-24,,,not yet curated,not yet curated,,yes,ftp://ftp.ebi.ac.uk/pub/databases/gwas/summary_statistics/GCST90444001-GCST90445000/GCST90444296,comparator,systolic_blood_pressure matched in DISEASE/TRAIT: Systolic Blood Pressure,,systolic_blood_pressure,yes,ftp://ftp.ebi.ac.uk/pub/databases/gwas/summary_statistics/GCST90444001-GCST90445000/GCST90444296,
not yet curated,not yet curated,Paolo A Lorenzini,not yet curated,not yet curated,https://doi.org/10.1101/2024.05.30.24307732,Multi-omics and Mendelian Randomization network analysis of the association between metabolic and cognitive functions in the UK Biobank Database,Systolic Blood Pressure,not yet curated,not yet curated,NR [587951],not yet curated,not yet curated,not yet curated,GCST90444318,Genome-wide genotyping array,2024-07-24,,,not yet curated,not yet curated,,yes,ftp://ftp.ebi.ac.uk/pub/databases/gwas/summary_statistics/GCST90444001-GCST90445000/GCST90444318,comparator,systolic_blood_pressure matched in DISEASE/TRAIT: Systolic Blood Pressure,,systolic_blood_pressure,yes,ftp://ftp.ebi.ac.uk/pub/databases/gwas/summary_statistics/GCST90444001-GCST90445000/GCST90444318,
not yet curated,not yet curated,Paolo A Lorenzini,not yet curated,not yet curated,https://doi.org/10.1101/2024.05.30.24307732,Multi-omics and Mendelian Randomization network analysis of the association between metabolic and cognitive functions in the UK Biobank Database,Systolic Blood Pressure,not yet curated,not yet curated,NR [591769],not yet curated,not yet curated,not yet curated,GCST90444339,Genome-wide genotyping array,2024-07-24,,,not yet curated,not yet curated,,yes,ftp://ftp.ebi.ac.uk/pub/databases/gwas/summary_statistics/GCST90444001-GCST90445000/GCST90444339,comparator,systolic_blood_pressure matched in DISEASE/TRAIT: Systolic Blood Pressure,,systolic_blood_pressure,yes,ftp://ftp.ebi.ac.uk/pub/databases/gwas/summary_statistics/GCST90444001-GCST90445000/GCST90444339,
not yet curated,not yet curated,,not yet curated,not yet curated,,Genes & Health - Health research for South Asians - single variant GWAS results,Systolic blood pressure - max,not yet curated,not yet curated,Illumina [37664153],not yet curated,not yet curated,not yet curated,GCST90727681,Genome-wide genotyping array,2026-01-05,ADD,,not yet curated,not yet curated,G&H,yes,ftp://ftp.ebi.ac.uk/pub/databases/gwas/summary_statistics/GCST90727001-GCST90728000/GCST90727681,comparator,systolic_blood_pressure matched in DISEASE/TRAIT: Systolic blood pressure - max,,systolic_blood_pressure,yes,ftp://ftp.ebi.ac.uk/pub/databases/gwas/summary_statistics/GCST90727001-GCST90728000/GCST90727681,
not yet curated,not yet curated,,not yet curated,not yet curated,,Genes & Health - Health research for South Asians - single variant GWAS results,Systolic blood pressure - median,not yet curated,not yet curated,Illumina [37664153],not yet curated,not yet curated,not yet curated,GCST90727682,Genome-wide genotyping array,2026-01-05,ADD,,not yet curated,not yet curated,G&H,yes,ftp://ftp.ebi.ac.uk/pub/databases/gwas/summary_statistics/GCST90727001-GCST90728000/GCST90727682,comparator,systolic_blood_pressure matched in DISEASE/TRAIT: Systolic blood pressure - median,,systolic_blood_pressure,yes,ftp://ftp.ebi.ac.uk/pub/databases/gwas/summary_statistics/GCST90727001-GCST90728000/GCST90727682,
not yet curated,not yet curated,,not yet curated,not yet curated,,Genes & Health - Health research for South Asians - single variant GWAS results,Systolic blood pressure - min,not yet curated,not yet curated,Illumina [37664153],not yet curated,not yet curated,not yet curated,GCST90727683,Genome-wide genotyping array,2026-01-05,ADD,,not yet curated,not yet curated,G&H,yes,ftp://ftp.ebi.ac.uk/pub/databases/gwas/summary_statistics/GCST90727001-GCST90728000/GCST90727683,comparator,systolic_blood_pressure matched in DISEASE/TRAIT: Systolic blood pressure - min,,systolic_blood_pressure,yes,ftp://ftp.ebi.ac.uk/pub/databases/gwas/summary_statistics/GCST90727001-GCST90728000/GCST90727683,
not yet curated,not yet curated,Paras Garg,not yet curated,not yet curated,https://www.medrxiv.org/content/10.1101/2025.08.05.25333035v1,A phenome-wide association study of CNVs genotyped from genome sequencing read  depth in the UK Biobank,"Systolic blood pressure, automated reading",not yet curated,not yet curated,Illumina [231448],not yet curated,not yet curated,not yet curated,GCST90827251,Whole genome sequencing,2026-03-10,"additive, recessive and dosage sensitive models",(none),not yet curated,not yet curated,UK Biobank,yes,ftp://ftp.ebi.ac.uk/pub/databases/gwas/summary_statistics/GCST90827001-GCST90828000/GCST90827251,comparator,"systolic_blood_pressure matched in DISEASE/TRAIT: Systolic blood pressure, automated reading",,systolic_blood_pressure,yes,ftp://ftp.ebi.ac.uk/pub/databases/gwas/summary_statistics/GCST90827001-GCST90828000/GCST90827251,
not yet curated,not yet curated,,not yet curated,not yet curated,,Genes & Health - Health research for South Asians - single variant GWAS results,Type 2 Diabetes (GenomicsPLC codelist),not yet curated,not yet curated,Illumina [37710835],not yet curated,not yet curated,not yet curated,GCST90727955,Genome-wide genotyping array,2026-01-05,ADD,,not yet curated,not yet curated,G&H,yes,ftp://ftp.ebi.ac.uk/pub/databases/gwas/summary_statistics/GCST90727001-GCST90728000/GCST90727955,comparator,type2_diabetes matched in DISEASE/TRAIT: Type 2 Diabetes (GenomicsPLC codelist),,type2_diabetes,yes,ftp://ftp.ebi.ac.uk/pub/databases/gwas/summary_statistics/GCST90727001-GCST90728000/GCST90727955,
not yet curated,not yet curated,,not yet curated,not yet curated,,Genes & Health - Health research for South Asians - single variant GWAS results,Type 2 Diabetes (MULTIPLY codelist),not yet curated,not yet curated,Illumina [37710835],not yet curated,not yet curated,not yet curated,GCST90728496,Genome-wide genotyping array,2026-01-05,ADD,,not yet curated,not yet curated,G&H,yes,ftp://ftp.ebi.ac.uk/pub/databases/gwas/summary_statistics/GCST90728001-GCST90729000/GCST90728496,comparator,type2_diabetes matched in DISEASE/TRAIT: Type 2 Diabetes (MULTIPLY codelist),,type2_diabetes,yes,ftp://ftp.ebi.ac.uk/pub/databases/gwas/summary_statistics/GCST90728001-GCST90729000/GCST90728496,
not yet curated,not yet curated,,not yet curated,not yet curated,,Genes & Health - Health research for South Asians - single variant GWAS results,Type 2 diabetes mellitus (ICD10 E11),not yet curated,not yet curated,Illumina [37711928],not yet curated,not yet curated,not yet curated,GCST90727860,Genome-wide genotyping array,2026-01-05,ADD,,not yet curated,not yet curated,G&H,yes,ftp://ftp.ebi.ac.uk/pub/databases/gwas/summary_statistics/GCST90727001-GCST90728000/GCST90727860,comparator,type2_diabetes matched in DISEASE/TRAIT: Type 2 diabetes mellitus (ICD10 E11),,type2_diabetes,yes,ftp://ftp.ebi.ac.uk/pub/databases/gwas/summary_statistics/GCST90727001-GCST90728000/GCST90727860,
not yet curated,not yet curated,Paras Garg,not yet curated,not yet curated,https://www.medrxiv.org/content/10.1101/2025.08.05.25333035v1,A phenome-wide association study of CNVs genotyped from genome sequencing read  depth in the UK Biobank,Urate,not yet curated,not yet curated,Illumina [231448],not yet curated,not yet curated,not yet curated,GCST90827215,Whole genome sequencing,2026-03-10,"additive, recessive and dosage sensitive models",(none),not yet curated,not yet curated,UK Biobank,yes,ftp://ftp.ebi.ac.uk/pub/databases/gwas/summary_statistics/GCST90827001-GCST90828000/GCST90827215,comparator,urate matched in DISEASE/TRAIT: Urate,,urate,yes,ftp://ftp.ebi.ac.uk/pub/databases/gwas/summary_statistics/GCST90827001-GCST90828000/GCST90827215,
not yet curated,not yet curated,Nirav N Shah,not yet curated,not yet curated,https://doi.org/10.1101/2025.09.02.673402,Tractor Workflow Pipeline: A Scalable Nextflow Framework for Local Ancestry-Aware Genome-Wide Association Studies.,Urate (umol/L),not yet curated,not yet curated,NR [9935092],not yet curated,not yet curated,not yet curated,GCST90726485,Genome-wide genotyping array,2025-11-13,,,not yet curated,not yet curated,UKBB,yes,ftp://ftp.ebi.ac.uk/pub/databases/gwas/summary_statistics/GCST90726001-GCST90727000/GCST90726485,comparator,urate matched in DISEASE/TRAIT: Urate (umol/L),,urate,yes,ftp://ftp.ebi.ac.uk/pub/databases/gwas/summary_statistics/GCST90726001-GCST90727000/GCST90726485,
not yet curated,not yet curated,Nirav N Shah,not yet curated,not yet curated,https://doi.org/10.1101/2025.09.02.673402,Tractor Workflow Pipeline: A Scalable Nextflow Framework for Local Ancestry-Aware Genome-Wide Association Studies.,Urate (umol/L),not yet curated,not yet curated,NR [6985818],not yet curated,not yet curated,not yet curated,GCST90726486,Genome-wide genotyping array,2025-11-13,,,not yet curated,not yet curated,UKBB,yes,ftp://ftp.ebi.ac.uk/pub/databases/gwas/summary_statistics/GCST90726001-GCST90727000/GCST90726486,comparator,urate matched in DISEASE/TRAIT: Urate (umol/L),,urate,yes,ftp://ftp.ebi.ac.uk/pub/databases/gwas/summary_statistics/GCST90726001-GCST90727000/GCST90726486,
not yet curated,not yet curated,,not yet curated,not yet curated,,Genes & Health - Health research for South Asians - single variant GWAS results,Urate - max,not yet curated,not yet curated,Illumina [23842712],not yet curated,not yet curated,not yet curated,GCST90727705,Genome-wide genotyping array,2026-01-05,ADD,,not yet curated,not yet curated,G&H,yes,ftp://ftp.ebi.ac.uk/pub/databases/gwas/summary_statistics/GCST90727001-GCST90728000/GCST90727705,comparator,urate matched in DISEASE/TRAIT: Urate - max,,urate,yes,ftp://ftp.ebi.ac.uk/pub/databases/gwas/summary_statistics/GCST90727001-GCST90728000/GCST90727705,
not yet curated,not yet curated,,not yet curated,not yet curated,,Genes & Health - Health research for South Asians - single variant GWAS results,Urate - median,not yet curated,not yet curated,Illumina [23842712],not yet curated,not yet curated,not yet curated,GCST90727706,Genome-wide genotyping array,2026-01-05,ADD,,not yet curated,not yet curated,G&H,yes,ftp://ftp.ebi.ac.uk/pub/databases/gwas/summary_statistics/GCST90727001-GCST90728000/GCST90727706,comparator,urate matched in DISEASE/TRAIT: Urate - median,,urate,yes,ftp://ftp.ebi.ac.uk/pub/databases/gwas/summary_statistics/GCST90727001-GCST90728000/GCST90727706,
not yet curated,not yet curated,,not yet curated,not yet curated,,Genes & Health - Health research for South Asians - single variant GWAS results,Urate - min,not yet curated,not yet curated,Illumina [23842712],not yet curated,not yet curated,not yet curated,GCST90727707,Genome-wide genotyping array,2026-01-05,ADD,,not yet curated,not yet curated,G&H,yes,ftp://ftp.ebi.ac.uk/pub/databases/gwas/summary_statistics/GCST90727001-GCST90728000/GCST90727707,comparator,urate matched in DISEASE/TRAIT: Urate - min,,urate,yes,ftp://ftp.ebi.ac.uk/pub/databases/gwas/summary_statistics/GCST90727001-GCST90728000/GCST90727707,
not yet curated,not yet curated,Nitin Kumar,not yet curated,not yet curated,,"Genetic variation in CCDC93 is associated with elevated central systolic blood pressure, impaired arterial relaxation, and mitochondrial dysfunction",central systolic blood pressure (cSBP),not yet curated,not yet curated,Illumina [282456],not yet curated,not yet curated,not yet curated,GCST90310252,Exome genotyping array,2024-01-30,Linear mixed model from EMMAX,,not yet curated,not yet curated,PUUMA,yes,ftp://ftp.ebi.ac.uk/pub/databases/gwas/summary_statistics/GCST90310001-GCST90311000/GCST90310252,comparator,systolic_blood_pressure matched in DISEASE/TRAIT: central systolic blood pressure (cSBP),,systolic_blood_pressure,yes,ftp://ftp.ebi.ac.uk/pub/databases/gwas/summary_statistics/GCST90310001-GCST90311000/GCST90310252,
not yet curated,not yet curated,Nitin Kumar,not yet curated,not yet curated,,"Genetic variation in CCDC93 is associated with elevated central systolic blood pressure, impaired arterial relaxation, and mitochondrial dysfunction",diastolicblood pressure(DBP),not yet curated,not yet curated,Illumina [282456],not yet curated,not yet curated,not yet curated,GCST90310249,Exome genotyping array,2024-01-30,Linear mixed model from EMMAX,,not yet curated,not yet curated,PUUMA,yes,ftp://ftp.ebi.ac.uk/pub/databases/gwas/summary_statistics/GCST90310001-GCST90311000/GCST90310249,comparator,diastolic_blood_pressure matched in DISEASE/TRAIT: diastolicblood pressure(DBP),,diastolic_blood_pressure,yes,ftp://ftp.ebi.ac.uk/pub/databases/gwas/summary_statistics/GCST90310001-GCST90311000/GCST90310249,
not yet curated,not yet curated,Lei Zhang,not yet curated,not yet curated,,A new robust and accurate two-sample Mendelian randomization method with a large number of genetic variants,hbA1c,not yet curated,not yet curated,Affymetrix [17387684],not yet curated,not yet curated,not yet curated,GCST90301210,Genome-wide genotyping array,2023-11-23,linear mixed model,,not yet curated,not yet curated,UKBB,yes,ftp://ftp.ebi.ac.uk/pub/databases/gwas/summary_statistics/GCST90301001-GCST90302000/GCST90301210,comparator,hba1c matched in DISEASE/TRAIT: hbA1c,,hba1c,yes,ftp://ftp.ebi.ac.uk/pub/databases/gwas/summary_statistics/GCST90301001-GCST90302000/GCST90301210,
not yet curated,not yet curated,Lei Zhang,not yet curated,not yet curated,,A new robust and accurate two-sample Mendelian randomization method with a large number of genetic variants,hbA1c,not yet curated,not yet curated,Affymetrix [17387684],not yet curated,not yet curated,not yet curated,GCST90301211,Genome-wide genotyping array,2023-11-23,linear mixed model,,not yet curated,not yet curated,UKBB,yes,ftp://ftp.ebi.ac.uk/pub/databases/gwas/summary_statistics/GCST90301001-GCST90302000/GCST90301211,comparator,hba1c matched in DISEASE/TRAIT: hbA1c,,hba1c,yes,ftp://ftp.ebi.ac.uk/pub/databases/gwas/summary_statistics/GCST90301001-GCST90302000/GCST90301211,
not yet curated,not yet curated,Ben Omega Petrazzini,not yet curated,not yet curated,,Exome sequence analysis identifies rare coding variants associated with a machine learning-based marker for coronary artery disease.,in-silico score for coronary artery disease,not yet curated,not yet curated,NR [2738834],not yet curated,not yet curated,not yet curated,GCST90370243,Exome-wide sequencing,2024-03-27,,,not yet curated,not yet curated,UKBB|All of Us|BioMe,yes,ftp://ftp.ebi.ac.uk/pub/databases/gwas/summary_statistics/GCST90370001-GCST90371000/GCST90370243,comparator,cad_cvd matched in DISEASE/TRAIT: in-silico score for coronary artery disease,,cad_cvd,yes,ftp://ftp.ebi.ac.uk/pub/databases/gwas/summary_statistics/GCST90370001-GCST90371000/GCST90370243,
not yet curated,not yet curated,Ben Omega Petrazzini,not yet curated,not yet curated,,Exome sequence analysis identifies rare coding variants associated with a machine learning-based marker for coronary artery disease.,in-silico score for coronary artery disease,not yet curated,not yet curated,NR [2448237],not yet curated,not yet curated,not yet curated,GCST90370244,Exome-wide sequencing,2024-03-27,,,not yet curated,not yet curated,UKBB|All of Us|BioMe,yes,ftp://ftp.ebi.ac.uk/pub/databases/gwas/summary_statistics/GCST90370001-GCST90371000/GCST90370244,comparator,cad_cvd matched in DISEASE/TRAIT: in-silico score for coronary artery disease,,cad_cvd,yes,ftp://ftp.ebi.ac.uk/pub/databases/gwas/summary_statistics/GCST90370001-GCST90371000/GCST90370244,
not yet curated,not yet curated,Nitin Kumar,not yet curated,not yet curated,,"Genetic variation in CCDC93 is associated with elevated central systolic blood pressure, impaired arterial relaxation, and mitochondrial dysfunction",pulse pressure (PP),not yet curated,not yet curated,Illumina [282456],not yet curated,not yet curated,not yet curated,GCST90310251,Exome genotyping array,2024-01-30,Linear mixed model from EMMAX,,not yet curated,not yet curated,PUUMA,yes,ftp://ftp.ebi.ac.uk/pub/databases/gwas/summary_statistics/GCST90310001-GCST90311000/GCST90310251,comparator,pulse_pressure matched in DISEASE/TRAIT: pulse pressure (PP),,pulse_pressure,yes,ftp://ftp.ebi.ac.uk/pub/databases/gwas/summary_statistics/GCST90310001-GCST90311000/GCST90310251,
not yet curated,not yet curated,Eugene Rhee,not yet curated,not yet curated,,Trans-ethnic genome-wide association study of blood metabolites in the Chronic Renal Insufficiency Cohort (CRIC) study,urate,not yet curated,not yet curated,Illumina [9097073],not yet curated,not yet curated,not yet curated,GCST90164255,Genome-wide genotyping array,2022-10-10,Described in PMID 35120996,Chronic Kidney Disease,not yet curated,not yet curated,Chronic Renal Insufficiency Cohort (CRIC) study,yes,ftp://ftp.ebi.ac.uk/pub/databases/gwas/summary_statistics/GCST90164001-GCST90165000/GCST90164255,comparator,urate matched in DISEASE/TRAIT: urate,,urate,yes,ftp://ftp.ebi.ac.uk/pub/databases/gwas/summary_statistics/GCST90164001-GCST90165000/GCST90164255,
not yet curated,not yet curated,Eugene Rhee,not yet curated,not yet curated,,Trans-ethnic genome-wide association study of blood metabolites in the Chronic Renal Insufficiency Cohort (CRIC) study,urate,not yet curated,not yet curated,Illumina [15449934],not yet curated,not yet curated,not yet curated,GCST90164860,Genome-wide genotyping array,2022-10-10,Described in PMID 35120996,Chronic Kidney Disease,not yet curated,not yet curated,Chronic Renal Insufficiency Cohort (CRIC) study,yes,ftp://ftp.ebi.ac.uk/pub/databases/gwas/summary_statistics/GCST90164001-GCST90165000/GCST90164860,comparator,urate matched in DISEASE/TRAIT: urate,,urate,yes,ftp://ftp.ebi.ac.uk/pub/databases/gwas/summary_statistics/GCST90164001-GCST90165000/GCST90164860,
not yet curated,not yet curated,Lei Zhang,not yet curated,not yet curated,,A new robust and accurate two-sample Mendelian randomization method with a large number of genetic variants,urate,not yet curated,not yet curated,Affymetrix [17387684],not yet curated,not yet curated,not yet curated,GCST90301232,Genome-wide genotyping array,2023-11-23,linear mixed model,,not yet curated,not yet curated,UKBB,yes,ftp://ftp.ebi.ac.uk/pub/databases/gwas/summary_statistics/GCST90301001-GCST90302000/GCST90301232,comparator,urate matched in DISEASE/TRAIT: urate,,urate,yes,ftp://ftp.ebi.ac.uk/pub/databases/gwas/summary_statistics/GCST90301001-GCST90302000/GCST90301232,
not yet curated,not yet curated,Lei Zhang,not yet curated,not yet curated,,A new robust and accurate two-sample Mendelian randomization method with a large number of genetic variants,urate,not yet curated,not yet curated,Affymetrix [17387684],not yet curated,not yet curated,not yet curated,GCST90301233,Genome-wide genotyping array,2023-11-23,linear mixed model,,not yet curated,not yet curated,UKBB,yes,ftp://ftp.ebi.ac.uk/pub/databases/gwas/summary_statistics/GCST90301001-GCST90302000/GCST90301233,comparator,urate matched in DISEASE/TRAIT: urate,,urate,yes,ftp://ftp.ebi.ac.uk/pub/databases/gwas/summary_statistics/GCST90301001-GCST90302000/GCST90301233,
not yet curated,not yet curated,,not yet curated,not yet curated,,IDEFICS/I.Family CMD,z-score of body mass index [kg/m^2],not yet curated,not yet curated,Affymetrix [5426643],not yet curated,not yet curated,not yet curated,GCST90566356,Genome-wide genotyping array,2025-04-09,Linear regression,,not yet curated,not yet curated,IDEFICS/I.Family,yes,ftp://ftp.ebi.ac.uk/pub/databases/gwas/summary_statistics/GCST90566001-GCST90567000/GCST90566356,comparator,bmi matched in DISEASE/TRAIT: z-score of body mass index [kg/m^2],,bmi,yes,ftp://ftp.ebi.ac.uk/pub/databases/gwas/summary_statistics/GCST90566001-GCST90567000/GCST90566356,
not yet curated,not yet curated,,not yet curated,not yet curated,,IDEFICS/I.Family CMD,z-score of diastolic blood pressure,not yet curated,not yet curated,Affymetrix [5426643],not yet curated,not yet curated,not yet curated,GCST90566357,Genome-wide genotyping array,2025-04-09,Linear regression,,not yet curated,not yet curated,IDEFICS/I.Family,yes,ftp://ftp.ebi.ac.uk/pub/databases/gwas/summary_statistics/GCST90566001-GCST90567000/GCST90566357,comparator,diastolic_blood_pressure matched in DISEASE/TRAIT: z-score of diastolic blood pressure,,diastolic_blood_pressure,yes,ftp://ftp.ebi.ac.uk/pub/databases/gwas/summary_statistics/GCST90566001-GCST90567000/GCST90566357,
not yet curated,not yet curated,,not yet curated,not yet curated,,IDEFICS/I.Family CMD,z-score of systolic blood pressure,not yet curated,not yet curated,Affymetrix [5426643],not yet curated,not yet curated,not yet curated,GCST90566367,Genome-wide genotyping array,2025-04-09,Linear regression,,not yet curated,not yet curated,IDEFICS/I.Family,yes,ftp://ftp.ebi.ac.uk/pub/databases/gwas/summary_statistics/GCST90566001-GCST90567000/GCST90566367,comparator,systolic_blood_pressure matched in DISEASE/TRAIT: z-score of systolic blood pressure,,systolic_blood_pressure,yes,ftp://ftp.ebi.ac.uk/pub/databases/gwas/summary_statistics/GCST90566001-GCST90567000/GCST90566367,
not yet curated,not yet curated,,not yet curated,not yet curated,,Genes & Health - Health research for South Asians - single variant GWAS results,Acute renal failure (ICD10 N17),not yet curated,not yet curated,Illumina [37711928],not yet curated,not yet curated,not yet curated,GCST90728289,Genome-wide genotyping array,2026-01-05,ADD,,not yet curated,not yet curated,G&H,yes,ftp://ftp.ebi.ac.uk/pub/databases/gwas/summary_statistics/GCST90728001-GCST90729000/GCST90728289,kidney,kidney_failure matched in DISEASE/TRAIT: Acute renal failure (ICD10 N17),kidney_failure,,yes,ftp://ftp.ebi.ac.uk/pub/databases/gwas/summary_statistics/GCST90728001-GCST90729000/GCST90728289,
not yet curated,not yet curated,,not yet curated,not yet curated,,Genes & Health - Health research for South Asians - single variant GWAS results,Chronic Kidney Disease (MGH definition),not yet curated,not yet curated,Illumina [37710835],not yet curated,not yet curated,not yet curated,GCST90728281,Genome-wide genotyping array,2026-01-05,ADD,,not yet curated,not yet curated,G&H,yes,ftp://ftp.ebi.ac.uk/pub/databases/gwas/summary_statistics/GCST90728001-GCST90729000/GCST90728281,kidney,chronic_kidney_disease matched in DISEASE/TRAIT: Chronic Kidney Disease (MGH definition),chronic_kidney_disease,,yes,ftp://ftp.ebi.ac.uk/pub/databases/gwas/summary_statistics/GCST90728001-GCST90729000/GCST90728281,
not yet curated,not yet curated,,not yet curated,not yet curated,,Genes & Health - Health research for South Asians - single variant GWAS results,Chronic Kidney Disease (MULTIPLY codelist),not yet curated,not yet curated,Illumina [37710835],not yet curated,not yet curated,not yet curated,GCST90727806,Genome-wide genotyping array,2026-01-05,ADD,,not yet curated,not yet curated,G&H,yes,ftp://ftp.ebi.ac.uk/pub/databases/gwas/summary_statistics/GCST90727001-GCST90728000/GCST90727806,kidney,chronic_kidney_disease matched in DISEASE/TRAIT: Chronic Kidney Disease (MULTIPLY codelist),chronic_kidney_disease,,yes,ftp://ftp.ebi.ac.uk/pub/databases/gwas/summary_statistics/GCST90727001-GCST90728000/GCST90727806,
not yet curated,not yet curated,,not yet curated,not yet curated,,Genes & Health - Health research for South Asians - single variant GWAS results,Chronic kidney disease (CKD) stage 1-2 (Quality and Outcomes Framework codes),not yet curated,not yet curated,Illumina [37710835],not yet curated,not yet curated,not yet curated,GCST90728449,Genome-wide genotyping array,2026-01-05,ADD,,not yet curated,not yet curated,G&H,yes,ftp://ftp.ebi.ac.uk/pub/databases/gwas/summary_statistics/GCST90728001-GCST90729000/GCST90728449,kidney,chronic_kidney_disease matched in DISEASE/TRAIT: Chronic kidney disease (CKD) stage 1-2 (Quality and Outcomes Framework codes); ckd matched in DISEASE/TRAIT: Chronic kidney disease (CKD) stage 1-2 (Quality and Outcomes Framework codes),chronic_kidney_disease; ckd,,yes,ftp://ftp.ebi.ac.uk/pub/databases/gwas/summary_statistics/GCST90728001-GCST90729000/GCST90728449,
not yet curated,not yet curated,,not yet curated,not yet curated,,Genes & Health - Health research for South Asians - single variant GWAS results,Chronic kidney disease (CKD) stage 3-5 (Quality and Outcomes Framework codes),not yet curated,not yet curated,Illumina [37710835],not yet curated,not yet curated,not yet curated,GCST90728450,Genome-wide genotyping array,2026-01-05,ADD,,not yet curated,not yet curated,G&H,yes,ftp://ftp.ebi.ac.uk/pub/databases/gwas/summary_statistics/GCST90728001-GCST90729000/GCST90728450,kidney,chronic_kidney_disease matched in DISEASE/TRAIT: Chronic kidney disease (CKD) stage 3-5 (Quality and Outcomes Framework codes); ckd matched in DISEASE/TRAIT: Chronic kidney disease (CKD) stage 3-5 (Quality and Outcomes Framework codes),chronic_kidney_disease; ckd,,yes,ftp://ftp.ebi.ac.uk/pub/databases/gwas/summary_statistics/GCST90728001-GCST90729000/GCST90728450,
not yet curated,not yet curated,,not yet curated,not yet curated,,Genes & Health - Health research for South Asians - single variant GWAS results,Chronic kidney disease (ICD10 N18),not yet curated,not yet curated,Illumina [37711928],not yet curated,not yet curated,not yet curated,GCST90728290,Genome-wide genotyping array,2026-01-05,ADD,,not yet curated,not yet curated,G&H,yes,ftp://ftp.ebi.ac.uk/pub/databases/gwas/summary_statistics/GCST90728001-GCST90729000/GCST90728290,kidney,chronic_kidney_disease matched in DISEASE/TRAIT: Chronic kidney disease (ICD10 N18),chronic_kidney_disease,,yes,ftp://ftp.ebi.ac.uk/pub/databases/gwas/summary_statistics/GCST90728001-GCST90729000/GCST90728290,
not yet curated,not yet curated,Ozvan Bocher,not yet curated,not yet curated,https://www.biorxiv.org/content/10.1101/2024.06.20.599832v1,Insights into the metabolic consequences of type 2 diabetes,Creatinine,not yet curated,not yet curated,Affymetrix [9465331],not yet curated,not yet curated,not yet curated,GCST90447114,Genome-wide genotyping array,2024-08-23,Linear regression,,not yet curated,not yet curated,UKBB,yes,ftp://ftp.ebi.ac.uk/pub/databases/gwas/summary_statistics/GCST90447001-GCST90448000/GCST90447114,kidney,serum_creatinine matched in DISEASE/TRAIT: Creatinine,serum_creatinine,,yes,ftp://ftp.ebi.ac.uk/pub/databases/gwas/summary_statistics/GCST90447001-GCST90448000/GCST90447114,
not yet curated,not yet curated,Ralf Tambets,not yet curated,not yet curated,,"Genome-wide association study for circulating metabolites in 619,372 individuals",Creatinine,not yet curated,not yet curated,Illumina [26173594],not yet curated,not yet curated,not yet curated,GCST90449375,Genome-wide genotyping array,2024-09-20,additive model,,not yet curated,not yet curated,EstBB,yes,ftp://ftp.ebi.ac.uk/pub/databases/gwas/summary_statistics/GCST90449001-GCST90450000/GCST90449375,kidney,serum_creatinine matched in DISEASE/TRAIT: Creatinine,serum_creatinine,,yes,ftp://ftp.ebi.ac.uk/pub/databases/gwas/summary_statistics/GCST90449001-GCST90450000/GCST90449375,
not yet curated,not yet curated,Ralf Tambets,not yet curated,not yet curated,,"Genome-wide association study for circulating metabolites in 619,372 individuals",Creatinine,not yet curated,not yet curated,Affymetrix [95729866],not yet curated,not yet curated,not yet curated,GCST90449624,Genome-wide genotyping array,2024-09-20,additive model,,not yet curated,not yet curated,UKBB,yes,ftp://ftp.ebi.ac.uk/pub/databases/gwas/summary_statistics/GCST90449001-GCST90450000/GCST90449624,kidney,serum_creatinine matched in DISEASE/TRAIT: Creatinine,serum_creatinine,,yes,ftp://ftp.ebi.ac.uk/pub/databases/gwas/summary_statistics/GCST90449001-GCST90450000/GCST90449624,
not yet curated,not yet curated,Ralf Tambets,not yet curated,not yet curated,,"Genome-wide association study for circulating metabolites in 619,372 individuals",Creatinine,not yet curated,not yet curated,Affymetrix [26776919],not yet curated,not yet curated,not yet curated,GCST90449873,Genome-wide genotyping array,2024-09-20,additive model,,not yet curated,not yet curated,UKBB,yes,ftp://ftp.ebi.ac.uk/pub/databases/gwas/summary_statistics/GCST90449001-GCST90450000/GCST90449873,kidney,serum_creatinine matched in DISEASE/TRAIT: Creatinine,serum_creatinine,,yes,ftp://ftp.ebi.ac.uk/pub/databases/gwas/summary_statistics/GCST90449001-GCST90450000/GCST90449873,
not yet curated,not yet curated,Ralf Tambets,not yet curated,not yet curated,,"Genome-wide association study for circulating metabolites in 619,372 individuals",Creatinine,not yet curated,not yet curated,Affymetrix [10424945],not yet curated,not yet curated,not yet curated,GCST90450122,Genome-wide genotyping array,2024-09-20,additive model,,not yet curated,not yet curated,UKBB,yes,ftp://ftp.ebi.ac.uk/pub/databases/gwas/summary_statistics/GCST90450001-GCST90451000/GCST90450122,kidney,serum_creatinine matched in DISEASE/TRAIT: Creatinine,serum_creatinine,,yes,ftp://ftp.ebi.ac.uk/pub/databases/gwas/summary_statistics/GCST90450001-GCST90451000/GCST90450122,
not yet curated,not yet curated,Ralf Tambets,not yet curated,not yet curated,,"Genome-wide association study for circulating metabolites in 619,372 individuals",Creatinine,not yet curated,not yet curated,Affymetrix [17791374],not yet curated,not yet curated,not yet curated,GCST90450371,Genome-wide genotyping array,2024-09-20,additive model,,not yet curated,not yet curated,UKBB,yes,ftp://ftp.ebi.ac.uk/pub/databases/gwas/summary_statistics/GCST90450001-GCST90451000/GCST90450371,kidney,serum_creatinine matched in DISEASE/TRAIT: Creatinine,serum_creatinine,,yes,ftp://ftp.ebi.ac.uk/pub/databases/gwas/summary_statistics/GCST90450001-GCST90451000/GCST90450371,
not yet curated,not yet curated,Ralf Tambets,not yet curated,not yet curated,,"Genome-wide association study for circulating metabolites in 619,372 individuals",Creatinine,not yet curated,not yet curated,Affymetrix [10811607],not yet curated,not yet curated,not yet curated,GCST90450620,Genome-wide genotyping array,2024-09-20,additive model,,not yet curated,not yet curated,UKBB,yes,ftp://ftp.ebi.ac.uk/pub/databases/gwas/summary_statistics/GCST90450001-GCST90451000/GCST90450620,kidney,serum_creatinine matched in DISEASE/TRAIT: Creatinine,serum_creatinine,,yes,ftp://ftp.ebi.ac.uk/pub/databases/gwas/summary_statistics/GCST90450001-GCST90451000/GCST90450620,
not yet curated,not yet curated,Ralf Tambets,not yet curated,not yet curated,,"Genome-wide association study for circulating metabolites in 619,372 individuals",Creatinine,not yet curated,not yet curated,Affymetrix [13697937],not yet curated,not yet curated,not yet curated,GCST90450869,Genome-wide genotyping array,2024-09-20,additive model,,not yet curated,not yet curated,UKBB,yes,ftp://ftp.ebi.ac.uk/pub/databases/gwas/summary_statistics/GCST90450001-GCST90451000/GCST90450869,kidney,serum_creatinine matched in DISEASE/TRAIT: Creatinine,serum_creatinine,,yes,ftp://ftp.ebi.ac.uk/pub/databases/gwas/summary_statistics/GCST90450001-GCST90451000/GCST90450869,
not yet curated,not yet curated,Ralf Tambets,not yet curated,not yet curated,,"Genome-wide association study for circulating metabolites in 619,372 individuals",Creatinine,not yet curated,not yet curated,Affymetrix|Illumina [103927004],not yet curated,not yet curated,not yet curated,GCST90451118,Genome-wide genotyping array,2024-09-20,additive model,,not yet curated,not yet curated,UKBB|EstBB,yes,ftp://ftp.ebi.ac.uk/pub/databases/gwas/summary_statistics/GCST90451001-GCST90452000/GCST90451118,kidney,serum_creatinine matched in DISEASE/TRAIT: Creatinine,serum_creatinine,,yes,ftp://ftp.ebi.ac.uk/pub/databases/gwas/summary_statistics/GCST90451001-GCST90452000/GCST90451118,
not yet curated,not yet curated,Ralf Tambets,not yet curated,not yet curated,,"Genome-wide association study for circulating metabolites in 619,372 individuals",Creatinine,not yet curated,not yet curated,Affymetrix|Illumina [119026653],not yet curated,not yet curated,not yet curated,GCST90451367,Genome-wide genotyping array,2024-09-20,additive model,,not yet curated,not yet curated,UKBB|EstBB,yes,ftp://ftp.ebi.ac.uk/pub/databases/gwas/summary_statistics/GCST90451001-GCST90452000/GCST90451367,kidney,serum_creatinine matched in DISEASE/TRAIT: Creatinine,serum_creatinine,,yes,ftp://ftp.ebi.ac.uk/pub/databases/gwas/summary_statistics/GCST90451001-GCST90452000/GCST90451367,
not yet curated,not yet curated,Yohei Takeuchi,not yet curated,not yet curated,,Genetic Architecture of Circulating Metabolic Biomarkers Across Ancestral Populations,Creatinine,not yet curated,not yet curated,NR [11267443],not yet curated,not yet curated,not yet curated,GCST90709314,Genome-wide genotyping array,2025-11-17,,,not yet curated,not yet curated,,yes,ftp://ftp.ebi.ac.uk/pub/databases/gwas/summary_statistics/GCST90709001-GCST90710000/GCST90709314,kidney,serum_creatinine matched in DISEASE/TRAIT: Creatinine,serum_creatinine,,yes,ftp://ftp.ebi.ac.uk/pub/databases/gwas/summary_statistics/GCST90709001-GCST90710000/GCST90709314,
not yet curated,not yet curated,Yohei Takeuchi,not yet curated,not yet curated,,Genetic Architecture of Circulating Metabolic Biomarkers Across Ancestral Populations,Creatinine,not yet curated,not yet curated,NR [8259884],not yet curated,not yet curated,not yet curated,GCST90709562,Genome-wide genotyping array,2025-11-17,,,not yet curated,not yet curated,,yes,ftp://ftp.ebi.ac.uk/pub/databases/gwas/summary_statistics/GCST90709001-GCST90710000/GCST90709562,kidney,serum_creatinine matched in DISEASE/TRAIT: Creatinine,serum_creatinine,,yes,ftp://ftp.ebi.ac.uk/pub/databases/gwas/summary_statistics/GCST90709001-GCST90710000/GCST90709562,
not yet curated,not yet curated,Paras Garg,not yet curated,not yet curated,https://www.medrxiv.org/content/10.1101/2025.08.05.25333035v1,A phenome-wide association study of CNVs genotyped from genome sequencing read  depth in the UK Biobank,Creatinine,not yet curated,not yet curated,Illumina [231448],not yet curated,not yet curated,not yet curated,GCST90827193,Whole genome sequencing,2026-03-10,"additive, recessive and dosage sensitive models",(none),not yet curated,not yet curated,UK Biobank,yes,ftp://ftp.ebi.ac.uk/pub/databases/gwas/summary_statistics/GCST90827001-GCST90828000/GCST90827193,kidney,serum_creatinine matched in DISEASE/TRAIT: Creatinine,serum_creatinine,,yes,ftp://ftp.ebi.ac.uk/pub/databases/gwas/summary_statistics/GCST90827001-GCST90828000/GCST90827193,
not yet curated,not yet curated,Nirav N Shah,not yet curated,not yet curated,https://doi.org/10.1101/2025.09.02.673402,Tractor Workflow Pipeline: A Scalable Nextflow Framework for Local Ancestry-Aware Genome-Wide Association Studies.,Creatinine (umol/L),not yet curated,not yet curated,NR [9935080],not yet curated,not yet curated,not yet curated,GCST90726449,Genome-wide genotyping array,2025-11-13,,,not yet curated,not yet curated,UKBB,yes,ftp://ftp.ebi.ac.uk/pub/databases/gwas/summary_statistics/GCST90726001-GCST90727000/GCST90726449,kidney,serum_creatinine matched in DISEASE/TRAIT: Creatinine (umol/L),serum_creatinine,,yes,ftp://ftp.ebi.ac.uk/pub/databases/gwas/summary_statistics/GCST90726001-GCST90727000/GCST90726449,
not yet curated,not yet curated,Nirav N Shah,not yet curated,not yet curated,https://doi.org/10.1101/2025.09.02.673402,Tractor Workflow Pipeline: A Scalable Nextflow Framework for Local Ancestry-Aware Genome-Wide Association Studies.,Creatinine (umol/L),not yet curated,not yet curated,NR [6986590],not yet curated,not yet curated,not yet curated,GCST90726450,Genome-wide genotyping array,2025-11-13,,,not yet curated,not yet curated,UKBB,yes,ftp://ftp.ebi.ac.uk/pub/databases/gwas/summary_statistics/GCST90726001-GCST90727000/GCST90726450,kidney,serum_creatinine matched in DISEASE/TRAIT: Creatinine (umol/L),serum_creatinine,,yes,ftp://ftp.ebi.ac.uk/pub/databases/gwas/summary_statistics/GCST90726001-GCST90727000/GCST90726450,
not yet curated,not yet curated,,not yet curated,not yet curated,,Genes & Health - Health research for South Asians - single variant GWAS results,Creatinine - max,not yet curated,not yet curated,Illumina [37563520],not yet curated,not yet curated,not yet curated,GCST90727480,Genome-wide genotyping array,2026-01-05,ADD,,not yet curated,not yet curated,G&H,yes,ftp://ftp.ebi.ac.uk/pub/databases/gwas/summary_statistics/GCST90727001-GCST90728000/GCST90727480,kidney,serum_creatinine matched in DISEASE/TRAIT: Creatinine - max,serum_creatinine,,yes,ftp://ftp.ebi.ac.uk/pub/databases/gwas/summary_statistics/GCST90727001-GCST90728000/GCST90727480,
not yet curated,not yet curated,,not yet curated,not yet curated,,Genes & Health - Health research for South Asians - single variant GWAS results,Creatinine - median,not yet curated,not yet curated,Illumina [37563520],not yet curated,not yet curated,not yet curated,GCST90727481,Genome-wide genotyping array,2026-01-05,ADD,,not yet curated,not yet curated,G&H,yes,ftp://ftp.ebi.ac.uk/pub/databases/gwas/summary_statistics/GCST90727001-GCST90728000/GCST90727481,kidney,serum_creatinine matched in DISEASE/TRAIT: Creatinine - median,serum_creatinine,,yes,ftp://ftp.ebi.ac.uk/pub/databases/gwas/summary_statistics/GCST90727001-GCST90728000/GCST90727481,
not yet curated,not yet curated,,not yet curated,not yet curated,,Genes & Health - Health research for South Asians - single variant GWAS results,Creatinine - min,not yet curated,not yet curated,Illumina [37563520],not yet curated,not yet curated,not yet curated,GCST90727482,Genome-wide genotyping array,2026-01-05,ADD,,not yet curated,not yet curated,G&H,yes,ftp://ftp.ebi.ac.uk/pub/databases/gwas/summary_statistics/GCST90727001-GCST90728000/GCST90727482,kidney,serum_creatinine matched in DISEASE/TRAIT: Creatinine - min,serum_creatinine,,yes,ftp://ftp.ebi.ac.uk/pub/databases/gwas/summary_statistics/GCST90727001-GCST90728000/GCST90727482,
not yet curated,not yet curated,Paras Garg,not yet curated,not yet curated,https://www.medrxiv.org/content/10.1101/2025.08.05.25333035v1,A phenome-wide association study of CNVs genotyped from genome sequencing read  depth in the UK Biobank,Cystatin C,not yet curated,not yet curated,Illumina [231448],not yet curated,not yet curated,not yet curated,GCST90827195,Whole genome sequencing,2026-03-10,"additive, recessive and dosage sensitive models",(none),not yet curated,not yet curated,UK Biobank,yes,ftp://ftp.ebi.ac.uk/pub/databases/gwas/summary_statistics/GCST90827001-GCST90828000/GCST90827195,kidney,cystatin_c matched in DISEASE/TRAIT: Cystatin C,cystatin_c,,yes,ftp://ftp.ebi.ac.uk/pub/databases/gwas/summary_statistics/GCST90827001-GCST90828000/GCST90827195,
not yet curated,not yet curated,Nirav N Shah,not yet curated,not yet curated,https://doi.org/10.1101/2025.09.02.673402,Tractor Workflow Pipeline: A Scalable Nextflow Framework for Local Ancestry-Aware Genome-Wide Association Studies.,Cystatin C (mg/L),not yet curated,not yet curated,NR [9935097],not yet curated,not yet curated,not yet curated,GCST90726453,Genome-wide genotyping array,2025-11-13,,,not yet curated,not yet curated,UKBB,yes,ftp://ftp.ebi.ac.uk/pub/databases/gwas/summary_statistics/GCST90726001-GCST90727000/GCST90726453,kidney,cystatin_c matched in DISEASE/TRAIT: Cystatin C (mg/L),cystatin_c,,yes,ftp://ftp.ebi.ac.uk/pub/databases/gwas/summary_statistics/GCST90726001-GCST90727000/GCST90726453,
not yet curated,not yet curated,Nirav N Shah,not yet curated,not yet curated,https://doi.org/10.1101/2025.09.02.673402,Tractor Workflow Pipeline: A Scalable Nextflow Framework for Local Ancestry-Aware Genome-Wide Association Studies.,Cystatin C (mg/L),not yet curated,not yet curated,NR [6986838],not yet curated,not yet curated,not yet curated,GCST90726454,Genome-wide genotyping array,2025-11-13,,,not yet curated,not yet curated,UKBB,yes,ftp://ftp.ebi.ac.uk/pub/databases/gwas/summary_statistics/GCST90726001-GCST90727000/GCST90726454,kidney,cystatin_c matched in DISEASE/TRAIT: Cystatin C (mg/L),cystatin_c,,yes,ftp://ftp.ebi.ac.uk/pub/databases/gwas/summary_statistics/GCST90726001-GCST90727000/GCST90726454,
not yet curated,not yet curated,Paras Garg,not yet curated,not yet curated,https://www.medrxiv.org/content/10.1101/2025.08.05.25333035v1,A phenome-wide association study of CNVs genotyped from genome sequencing read  depth in the UK Biobank,Diagnoses - ICD10; N17 Acute renal failure,not yet curated,not yet curated,Illumina [231448],not yet curated,not yet curated,not yet curated,GCST90827426,Whole genome sequencing,2026-03-10,"additive, recessive and dosage sensitive models",(none),not yet curated,not yet curated,UK Biobank,yes,ftp://ftp.ebi.ac.uk/pub/databases/gwas/summary_statistics/GCST90827001-GCST90828000/GCST90827426,kidney,kidney_failure matched in DISEASE/TRAIT: Diagnoses - ICD10; N17 Acute renal failure,kidney_failure,,yes,ftp://ftp.ebi.ac.uk/pub/databases/gwas/summary_statistics/GCST90827001-GCST90828000/GCST90827426,
not yet curated,not yet curated,Paras Garg,not yet curated,not yet curated,https://www.medrxiv.org/content/10.1101/2025.08.05.25333035v1,A phenome-wide association study of CNVs genotyped from genome sequencing read  depth in the UK Biobank,"Diagnoses - ICD10; N17.9 Acute renal failure, unspecified",not yet curated,not yet curated,Illumina [231448],not yet curated,not yet curated,not yet curated,GCST90827425,Whole genome sequencing,2026-03-10,"additive, recessive and dosage sensitive models",(none),not yet curated,not yet curated,UK Biobank,yes,ftp://ftp.ebi.ac.uk/pub/databases/gwas/summary_statistics/GCST90827001-GCST90828000/GCST90827425,kidney,"kidney_failure matched in DISEASE/TRAIT: Diagnoses - ICD10; N17.9 Acute renal failure, unspecified",kidney_failure,,yes,ftp://ftp.ebi.ac.uk/pub/databases/gwas/summary_statistics/GCST90827001-GCST90828000/GCST90827425,
not yet curated,not yet curated,,not yet curated,not yet curated,,Genes & Health - Health research for South Asians - single variant GWAS results,End stage renal disease,not yet curated,not yet curated,Illumina [37710835],not yet curated,not yet curated,not yet curated,GCST90727881,Genome-wide genotyping array,2026-01-05,ADD,,not yet curated,not yet curated,G&H,yes,ftp://ftp.ebi.ac.uk/pub/databases/gwas/summary_statistics/GCST90727001-GCST90728000/GCST90727881,kidney,esrd matched in DISEASE/TRAIT: End stage renal disease,esrd,,yes,ftp://ftp.ebi.ac.uk/pub/databases/gwas/summary_statistics/GCST90727001-GCST90728000/GCST90727881,
not yet curated,not yet curated,,not yet curated,not yet curated,,Genes & Health - Health research for South Asians - single variant GWAS results,Estimated glomerular filtration rate - max,not yet curated,not yet curated,Illumina [37514729],not yet curated,not yet curated,not yet curated,GCST90727492,Genome-wide genotyping array,2026-01-05,ADD,,not yet curated,not yet curated,G&H,yes,ftp://ftp.ebi.ac.uk/pub/databases/gwas/summary_statistics/GCST90727001-GCST90728000/GCST90727492,kidney,egfr matched in DISEASE/TRAIT: Estimated glomerular filtration rate - max,egfr,,yes,ftp://ftp.ebi.ac.uk/pub/databases/gwas/summary_statistics/GCST90727001-GCST90728000/GCST90727492,
not yet curated,not yet curated,,not yet curated,not yet curated,,Genes & Health - Health research for South Asians - single variant GWAS results,Estimated glomerular filtration rate - median,not yet curated,not yet curated,Illumina [37514729],not yet curated,not yet curated,not yet curated,GCST90727493,Genome-wide genotyping array,2026-01-05,ADD,,not yet curated,not yet curated,G&H,yes,ftp://ftp.ebi.ac.uk/pub/databases/gwas/summary_statistics/GCST90727001-GCST90728000/GCST90727493,kidney,egfr matched in DISEASE/TRAIT: Estimated glomerular filtration rate - median,egfr,,yes,ftp://ftp.ebi.ac.uk/pub/databases/gwas/summary_statistics/GCST90727001-GCST90728000/GCST90727493,
not yet curated,not yet curated,,not yet curated,not yet curated,,Genes & Health - Health research for South Asians - single variant GWAS results,Estimated glomerular filtration rate - min,not yet curated,not yet curated,Illumina [37514729],not yet curated,not yet curated,not yet curated,GCST90727494,Genome-wide genotyping array,2026-01-05,ADD,,not yet curated,not yet curated,G&H,yes,ftp://ftp.ebi.ac.uk/pub/databases/gwas/summary_statistics/GCST90727001-GCST90728000/GCST90727494,kidney,egfr matched in DISEASE/TRAIT: Estimated glomerular filtration rate - min,egfr,,yes,ftp://ftp.ebi.ac.uk/pub/databases/gwas/summary_statistics/GCST90727001-GCST90728000/GCST90727494,
not yet curated,not yet curated,,not yet curated,not yet curated,,Genes & Health - Health research for South Asians - single variant GWAS results,Gestational [pregnancy-induced] oedema and proteinuria without hypertension (ICD10 O12),not yet curated,not yet curated,Illumina [37711928],not yet curated,not yet curated,not yet curated,GCST90728352,Genome-wide genotyping array,2026-01-05,ADD,,not yet curated,not yet curated,G&H,yes,ftp://ftp.ebi.ac.uk/pub/databases/gwas/summary_statistics/GCST90728001-GCST90729000/GCST90728352,kidney,proteinuria matched in DISEASE/TRAIT: Gestational [pregnancy-induced] oedema and proteinuria without hypertension (ICD10 O12),proteinuria,hypertension,yes,ftp://ftp.ebi.ac.uk/pub/databases/gwas/summary_statistics/GCST90728001-GCST90729000/GCST90728352,
not yet curated,not yet curated,,not yet curated,not yet curated,,Genes & Health - Health research for South Asians - single variant GWAS results,Microalbuminuria,not yet curated,not yet curated,Illumina [37710835],not yet curated,not yet curated,not yet curated,GCST90728460,Genome-wide genotyping array,2026-01-05,ADD,,not yet curated,not yet curated,G&H,yes,ftp://ftp.ebi.ac.uk/pub/databases/gwas/summary_statistics/GCST90728001-GCST90729000/GCST90728460,kidney,albuminuria matched in DISEASE/TRAIT: Microalbuminuria,albuminuria,,yes,ftp://ftp.ebi.ac.uk/pub/databases/gwas/summary_statistics/GCST90728001-GCST90729000/GCST90728460,
not yet curated,not yet curated,,not yet curated,not yet curated,,Genes & Health - Health research for South Asians - single variant GWAS results,Proteinuria,not yet curated,not yet curated,Illumina [37710835],not yet curated,not yet curated,not yet curated,GCST90728465,Genome-wide genotyping array,2026-01-05,ADD,,not yet curated,not yet curated,G&H,yes,ftp://ftp.ebi.ac.uk/pub/databases/gwas/summary_statistics/GCST90728001-GCST90729000/GCST90728465,kidney,proteinuria matched in DISEASE/TRAIT: Proteinuria,proteinuria,,yes,ftp://ftp.ebi.ac.uk/pub/databases/gwas/summary_statistics/GCST90728001-GCST90729000/GCST90728465,
not yet curated,not yet curated,,not yet curated,not yet curated,,Genes & Health - Health research for South Asians - single variant GWAS results,Unspecified kidney failure (ICD10 N19),not yet curated,not yet curated,Illumina [37711928],not yet curated,not yet curated,not yet curated,GCST90728291,Genome-wide genotyping array,2026-01-05,ADD,,not yet curated,not yet curated,G&H,yes,ftp://ftp.ebi.ac.uk/pub/databases/gwas/summary_statistics/GCST90728001-GCST90729000/GCST90728291,kidney,kidney_failure matched in DISEASE/TRAIT: Unspecified kidney failure (ICD10 N19),kidney_failure,,yes,ftp://ftp.ebi.ac.uk/pub/databases/gwas/summary_statistics/GCST90728001-GCST90729000/GCST90728291,
not yet curated,not yet curated,,not yet curated,not yet curated,,Genes & Health - Health research for South Asians - single variant GWAS results,Urine Protein:Creatinine Ratio - max,not yet curated,not yet curated,Illumina [22080799],not yet curated,not yet curated,not yet curated,GCST90727717,Genome-wide genotyping array,2026-01-05,ADD,,not yet curated,not yet curated,G&H,yes,ftp://ftp.ebi.ac.uk/pub/databases/gwas/summary_statistics/GCST90727001-GCST90728000/GCST90727717,kidney,serum_creatinine matched in DISEASE/TRAIT: Urine Protein:Creatinine Ratio - max; proteinuria matched in DISEASE/TRAIT: Urine Protein:Creatinine Ratio - max,proteinuria; serum_creatinine,,yes,ftp://ftp.ebi.ac.uk/pub/databases/gwas/summary_statistics/GCST90727001-GCST90728000/GCST90727717,
not yet curated,not yet curated,,not yet curated,not yet curated,,Genes & Health - Health research for South Asians - single variant GWAS results,Urine Protein:Creatinine Ratio - median,not yet curated,not yet curated,Illumina [22080799],not yet curated,not yet curated,not yet curated,GCST90727718,Genome-wide genotyping array,2026-01-05,ADD,,not yet curated,not yet curated,G&H,yes,ftp://ftp.ebi.ac.uk/pub/databases/gwas/summary_statistics/GCST90727001-GCST90728000/GCST90727718,kidney,serum_creatinine matched in DISEASE/TRAIT: Urine Protein:Creatinine Ratio - median; proteinuria matched in DISEASE/TRAIT: Urine Protein:Creatinine Ratio - median,proteinuria; serum_creatinine,,yes,ftp://ftp.ebi.ac.uk/pub/databases/gwas/summary_statistics/GCST90727001-GCST90728000/GCST90727718,
not yet curated,not yet curated,,not yet curated,not yet curated,,Genes & Health - Health research for South Asians - single variant GWAS results,Urine Protein:Creatinine Ratio - min,not yet curated,not yet curated,Illumina [22080799],not yet curated,not yet curated,not yet curated,GCST90727719,Genome-wide genotyping array,2026-01-05,ADD,,not yet curated,not yet curated,G&H,yes,ftp://ftp.ebi.ac.uk/pub/databases/gwas/summary_statistics/GCST90727001-GCST90728000/GCST90727719,kidney,serum_creatinine matched in DISEASE/TRAIT: Urine Protein:Creatinine Ratio - min; proteinuria matched in DISEASE/TRAIT: Urine Protein:Creatinine Ratio - min,proteinuria; serum_creatinine,,yes,ftp://ftp.ebi.ac.uk/pub/databases/gwas/summary_statistics/GCST90727001-GCST90728000/GCST90727719,
not yet curated,not yet curated,,not yet curated,not yet curated,,Genes & Health - Health research for South Asians - single variant GWAS results,Urine albumin creatinine ratio - max,not yet curated,not yet curated,Illumina [30282416],not yet curated,not yet curated,not yet curated,GCST90727711,Genome-wide genotyping array,2026-01-05,ADD,,not yet curated,not yet curated,G&H,yes,ftp://ftp.ebi.ac.uk/pub/databases/gwas/summary_statistics/GCST90727001-GCST90728000/GCST90727711,kidney,serum_creatinine matched in DISEASE/TRAIT: Urine albumin creatinine ratio - max; uacr matched in DISEASE/TRAIT: Urine albumin creatinine ratio - max,serum_creatinine; uacr,,yes,ftp://ftp.ebi.ac.uk/pub/databases/gwas/summary_statistics/GCST90727001-GCST90728000/GCST90727711,
not yet curated,not yet curated,,not yet curated,not yet curated,,Genes & Health - Health research for South Asians - single variant GWAS results,Urine albumin creatinine ratio - median,not yet curated,not yet curated,Illumina [30282416],not yet curated,not yet curated,not yet curated,GCST90727712,Genome-wide genotyping array,2026-01-05,ADD,,not yet curated,not yet curated,G&H,yes,ftp://ftp.ebi.ac.uk/pub/databases/gwas/summary_statistics/GCST90727001-GCST90728000/GCST90727712,kidney,serum_creatinine matched in DISEASE/TRAIT: Urine albumin creatinine ratio - median; uacr matched in DISEASE/TRAIT: Urine albumin creatinine ratio - median,serum_creatinine; uacr,,yes,ftp://ftp.ebi.ac.uk/pub/databases/gwas/summary_statistics/GCST90727001-GCST90728000/GCST90727712,
not yet curated,not yet curated,,not yet curated,not yet curated,,Genes & Health - Health research for South Asians - single variant GWAS results,Urine albumin creatinine ratio - min,not yet curated,not yet curated,Illumina [30282416],not yet curated,not yet curated,not yet curated,GCST90727713,Genome-wide genotyping array,2026-01-05,ADD,,not yet curated,not yet curated,G&H,yes,ftp://ftp.ebi.ac.uk/pub/databases/gwas/summary_statistics/GCST90727001-GCST90728000/GCST90727713,kidney,serum_creatinine matched in DISEASE/TRAIT: Urine albumin creatinine ratio - min; uacr matched in DISEASE/TRAIT: Urine albumin creatinine ratio - min,serum_creatinine; uacr,,yes,ftp://ftp.ebi.ac.uk/pub/databases/gwas/summary_statistics/GCST90727001-GCST90728000/GCST90727713,
not yet curated,not yet curated,Lei Zhang,not yet curated,not yet curated,,A new robust and accurate two-sample Mendelian randomization method with a large number of genetic variants,creatinine,not yet curated,not yet curated,Affymetrix [17387684],not yet curated,not yet curated,not yet curated,GCST90301198,Genome-wide genotyping array,2023-11-23,linear mixed model,,not yet curated,not yet curated,UKBB,yes,ftp://ftp.ebi.ac.uk/pub/databases/gwas/summary_statistics/GCST90301001-GCST90302000/GCST90301198,kidney,serum_creatinine matched in DISEASE/TRAIT: creatinine,serum_creatinine,,yes,ftp://ftp.ebi.ac.uk/pub/databases/gwas/summary_statistics/GCST90301001-GCST90302000/GCST90301198,
not yet curated,not yet curated,Lei Zhang,not yet curated,not yet curated,,A new robust and accurate two-sample Mendelian randomization method with a large number of genetic variants,creatinine,not yet curated,not yet curated,Affymetrix [17387684],not yet curated,not yet curated,not yet curated,GCST90301199,Genome-wide genotyping array,2023-11-23,linear mixed model,,not yet curated,not yet curated,UKBB,yes,ftp://ftp.ebi.ac.uk/pub/databases/gwas/summary_statistics/GCST90301001-GCST90302000/GCST90301199,kidney,serum_creatinine matched in DISEASE/TRAIT: creatinine,serum_creatinine,,yes,ftp://ftp.ebi.ac.uk/pub/databases/gwas/summary_statistics/GCST90301001-GCST90302000/GCST90301199,
not yet curated,not yet curated,Catalin D Voinescu,not yet curated,not yet curated,,Neanderthal Sequence Introgression: The Case of Membranous Nephropathy,membranous nephropathy,not yet curated,not yet curated,Illumina [785064],not yet curated,not yet curated,not yet curated,GCST90302187,Genome-wide genotyping array,2023-12-21,additive model,,not yet curated,not yet curated,,yes,ftp://ftp.ebi.ac.uk/pub/databases/gwas/summary_statistics/GCST90302001-GCST90303000/GCST90302187,kidney,nephropathy matched in DISEASE/TRAIT: membranous nephropathy,nephropathy,,yes,ftp://ftp.ebi.ac.uk/pub/databases/gwas/summary_statistics/GCST90302001-GCST90303000/GCST90302187,
not yet curated,not yet curated,Axelle DURAND,not yet curated,not yet curated,,Novel genetic risk factors associated with pediatric proteinuria,urine protein /creatin ratio,not yet curated,not yet curated,Illumina [581],not yet curated,not yet curated,not yet curated,GCST90316497,Genome-wide genotyping array,2024-02-08,"Multivariate linear regression model adjusted for age, sex,body mass index and the first two principal components - Additive and recessive genetic models tested",CKD,not yet curated,not yet curated,"Wong CJ, Moxey-Mims M, Jerry-Fluker J, Warady BA, Furth SL. CKiD (CKD in Children) Prospective Cohort Study: A Review of Current Findings. Am J Kidney Dis. 2012;60(6):1002-1011. doi:10.1053/j.ajkd.2012.07.018",yes,ftp://ftp.ebi.ac.uk/pub/databases/gwas/summary_statistics/GCST90316001-GCST90317000/GCST90316497,kidney,proteinuria matched in DISEASE/TRAIT: urine protein /creatin ratio,proteinuria,,yes,ftp://ftp.ebi.ac.uk/pub/databases/gwas/summary_statistics/GCST90316001-GCST90317000/GCST90316497,
